time (s);Kick-scooter;Bicycle <25km;Bicycle <45km;Bicycle cargo;Moped <4kW;Scooter <4kW;Scooter 4-11kW;Motorcycle 4-11kW;Motorcycle 11-35kW;Motorcycle >35kW
1;0;0;0;0;0;0;0;0;0;0
2;0;0;0;0;0;0;0;0;0;0
3;0;0;0;0;0;0;0;0;0;0
4;0;0;0;0;0;0;0;0;0;0
5;0;0;0;0;0;0;0;0;0;0
6;0;0;0;0;0;0;0;0;0;0
7;0;0;0;0;0;0;0;0;0;0
8;0;0;0;0;0;0;0;0;0;0
9;0;0;0;0;0;0;0;0;0;0
10;0;0;0;0;0;0;0;0;0;0
11;0;0;0;0;0;0;0;0;0;0
12;0;0;0;0;0;0;0;0;0;0
13;0;0;0;0;0;0;0;0;0;0
14;0;0;0;0;0;0;0;0;0;0
15;0;0;0;0;0;0;0;0;0;0
16;0;0;0;0;0;0;0;0;0;0
17;0;0;0;0;0;0;0;0;0;0
18;0;0;0;0;0;0;0;0;0;0
19;0;0;0;0;0;0;0;0;0;0
20;0;0;0;0;0;0;0;0;0;0
21;0;0;0;0;0;0;0;0;0;0
22;0.2;0.4;0.4;0.4;1;1;1;1;1;1
23;0.52;1.04;1.04;1.04;2.6;2.6;2.6;2.6;2.6;2.6
24;0.96;1.92;1.92;1.92;4.8;4.8;4.8;4.8;4.8;4.8
25;1.44;2.88;2.88;2.88;7.2;7.2;7.2;7.2;7.2;7.2
26;1.92;3.84;3.84;3.84;9.6;9.6;9.6;9.6;9.6;9.6
27;2.4;4.8;4.8;4.8;12;12;12;12;12;12
28;2.86;5.72;5.72;5.72;14.3;14.3;14.3;14.3;14.3;14.3
29;3.32;6.64;6.64;6.64;16.6;16.6;16.6;16.6;16.6;16.6
30;3.78;7.56;7.56;7.56;18.9;18.9;18.9;18.9;18.9;18.9
31;4.24;8.48;8.48;8.48;21.2;21.2;21.2;21.2;21.2;21.2
32;4.7;9.4;9.4;9.4;23.5;23.5;23.5;23.5;23.5;23.5
33;5.12;10.24;10.24;10.24;25.6;25.6;25.6;25.6;25.6;25.6
34;5.42;10.84;10.84;10.84;27.1;27.1;27.1;27.1;27.1;27.1
35;5.6;11.2;11.2;11.2;28;28;28;28;28;28
36;5.74;11.48;11.48;11.48;28.7;28.7;28.7;28.7;28.7;28.7
37;5.84;11.68;11.68;11.68;29.2;29.2;29.2;29.2;29.2;29.2
38;5.96;11.92;11.92;11.92;29.8;29.8;29.8;29.8;29.8;29.8
39;6.06;12.12;12.12;12.12;30.3;30.3;30.3;30.3;30.3;30.3
40;5.92;11.84;11.84;11.84;29.6;29.6;29.6;29.6;29.6;29.6
41;5.74;11.48;11.48;11.48;28.7;28.7;28.7;28.7;28.7;28.7
42;5.58;11.16;11.16;11.16;27.9;27.9;27.9;27.9;27.9;27.9
43;5.5;11;11;11;27.5;27.5;27.5;27.5;27.5;27.5
44;5.46;10.92;10.92;10.92;27.3;27.3;27.3;27.3;27.3;27.3
45;5.46;10.92;10.92;10.92;27.3;27.3;27.3;27.3;27.3;27.3
46;5.48;10.96;10.96;10.96;27.4;27.4;27.4;27.4;27.4;27.4
47;5.5;11;11;11;27.5;27.5;27.5;27.5;27.5;27.5
48;5.52;11.04;11.04;11.04;27.6;27.6;27.6;27.6;27.6;27.6
49;5.52;11.04;11.04;11.04;27.6;27.6;27.6;27.6;27.6;27.6
50;5.54;11.08;11.08;11.08;27.7;27.7;27.7;27.7;27.7;27.7
51;5.56;11.12;11.12;11.12;27.8;27.8;27.8;27.8;27.8;27.8
52;5.62;11.24;11.24;11.24;28.1;28.1;28.1;28.1;28.1;28.1
53;5.72;11.44;11.44;11.44;28.6;28.6;28.6;28.6;28.6;28.6
54;5.78;11.56;11.56;11.56;28.9;28.9;28.9;28.9;28.9;28.9
55;5.84;11.68;11.68;11.68;29.2;29.2;29.2;29.2;29.2;29.2
56;5.88;11.76;11.76;11.76;29.4;29.4;29.4;29.4;29.4;29.4
57;5.94;11.88;11.88;11.88;29.7;29.7;29.7;29.7;29.7;29.7
58;6.02;12.04;12.04;12.04;30.1;30.1;30.1;30.1;30.1;30.1
59;6.1;12.2;12.2;12.2;30.5;30.5;30.5;30.5;30.5;30.5
60;6.14;12.28;12.28;12.28;30.7;30.7;30.7;30.7;30.7;30.7
61;5.94;11.88;11.88;11.88;29.7;29.7;29.7;29.7;29.7;29.7
62;5.38;10.76;10.76;10.76;26.9;26.9;26.9;26.9;26.9;26.9
63;4.6;9.2;9.2;9.2;23;23;23;23;23;23
64;3.74;7.48;7.48;7.48;18.7;18.7;18.7;18.7;18.7;18.7
65;2.84;5.68;5.68;5.68;14.2;14.2;14.2;14.2;14.2;14.2
66;1.88;3.76;3.76;3.76;9.4;9.4;9.4;9.4;9.4;9.4
67;0.98;1.96;1.96;1.96;4.9;4.9;4.9;4.9;4.9;4.9
68;0.4;0.8;0.8;0.8;2;2;2;2;2;2
69;0;0;0;0;0;0;0;0;0;0
70;0;0;0;0;0;0;0;0;0;0
71;0;0;0;0;0;0;0;0;0;0
72;0;0;0;0;0;0;0;0;0;0
73;0;0;0;0;0;0;0;0;0;0
74;0.34;0.68;0.68;0.68;1.7;1.7;1.7;1.7;1.7;1.7
75;1.16;2.32;2.32;2.32;5.8;5.8;5.8;5.8;5.8;5.8
76;2.36;4.72;4.72;4.72;11.8;11.8;11.8;11.8;11.8;11.8
77;3.66;7.32;7.32;7.32;18.3;18.3;18.3;18.3;18.3;18.3
78;4.9;9.8;9.8;9.8;24.5;24.5;24.5;24.5;24.5;24.5
79;5.88;11.76;11.76;11.76;29.4;29.4;29.4;29.4;29.4;29.4
80;6.5;13;13;13;32.5;32.5;32.5;32.5;32.5;32.5
81;6.84;13.68;13.68;13.68;34.2;34.2;34.2;34.2;34.2;34.2
82;6.88;13.76;13.76;13.76;34.4;34.4;34.4;34.4;34.4;34.4
83;6.9;13.8;13.8;13.8;34.5;34.5;34.5;34.5;34.5;34.5
84;6.92;13.84;13.84;13.84;34.6;34.6;34.6;34.6;34.6;34.6
85;6.94;13.88;13.88;13.88;34.7;34.7;34.7;34.7;34.7;34.7
86;6.96;13.92;13.92;13.92;34.8;34.8;34.8;34.8;34.8;34.8
87;7.04;14.08;14.08;14.08;35.2;35.2;35.2;35.2;35.2;35.2
88;7.2;14.4;14.4;14.4;36;36;36;36;36;36
89;7.4;14.8;14.8;14.8;37;37;37;37;37;37
90;7.58;15.16;15.16;15.16;37.9;37.9;37.9;37.9;37.9;37.9
91;7.7;15.4;15.4;15.4;38.5;38.5;38.5;38.5;38.5;38.5
92;7.76;15.52;15.52;15.52;38.8;38.8;38.8;38.8;38.8;38.8
93;7.76;15.52;15.52;15.52;38.8;38.8;38.8;38.8;38.8;38.8
94;7.74;15.48;15.48;15.48;38.7;38.7;38.7;38.7;38.7;38.7
95;7.68;15.36;15.36;15.36;38.4;38.4;38.4;38.4;38.4;38.4
96;7.6;15.2;15.2;15.2;38;38;38;38;38;38
97;7.48;14.96;14.96;14.96;37.4;37.4;37.4;37.4;37.4;37.4
98;7.38;14.76;14.76;14.76;36.9;36.9;36.9;36.9;36.9;36.9
99;7.32;14.64;14.64;14.64;36.6;36.6;36.6;36.6;36.6;36.6
100;7.28;14.56;14.56;14.56;36.4;36.4;36.4;36.4;36.4;36.4
101;7.28;14.56;14.56;14.56;36.4;36.4;36.4;36.4;36.4;36.4
102;7.3;14.6;14.6;14.6;36.5;36.5;36.5;36.5;36.5;36.5
103;7.34;14.68;14.68;14.68;36.7;36.7;36.7;36.7;36.7;36.7
104;7.38;14.76;14.76;14.76;36.9;36.9;36.9;36.9;36.9;36.9
105;7.4;14.8;14.8;14.8;37;37;37;37;37;37
106;7.44;14.88;14.88;14.88;37.2;37.2;37.2;37.2;37.2;37.2
107;7.46;14.92;14.92;14.92;37.3;37.3;37.3;37.3;37.3;37.3
108;7.48;14.96;14.96;14.96;37.4;37.4;37.4;37.4;37.4;37.4
109;7.46;14.92;14.92;14.92;37.3;37.3;37.3;37.3;37.3;37.3
110;7.36;14.72;14.72;14.72;36.8;36.8;36.8;36.8;36.8;36.8
111;7.16;14.32;14.32;14.32;35.8;35.8;35.8;35.8;35.8;35.8
112;6.92;13.84;13.84;13.84;34.6;34.6;34.6;34.6;34.6;34.6
113;6.36;12.72;12.72;12.72;31.8;31.8;31.8;31.8;31.8;31.8
114;5.78;11.56;11.56;11.56;28.9;28.9;28.9;28.9;28.9;28.9
115;5.34;10.68;10.68;10.68;26.7;26.7;26.7;26.7;26.7;26.7
116;4.92;9.84;9.84;9.84;24.6;24.6;24.6;24.6;24.6;24.6
117;5.04;10.08;10.08;10.08;25.2;25.2;25.2;25.2;25.2;25.2
118;5.24;10.48;10.48;10.48;26.2;26.2;26.2;26.2;26.2;26.2
119;5.5;11;11;11;27.5;27.5;27.5;27.5;27.5;27.5
120;5.84;11.68;11.68;11.68;29.2;29.2;29.2;29.2;29.2;29.2
121;6.2;12.4;12.4;12.4;31;31;31;31;31;31
122;6.56;13.12;13.12;13.12;32.8;32.8;32.8;32.8;32.8;32.8
123;6.86;13.72;13.72;13.72;34.3;34.3;34.3;34.3;34.3;34.3
124;7.02;14.04;14.04;14.04;35.1;35.1;35.1;35.1;35.1;35.1
125;7.06;14.12;14.12;14.12;35.3;35.3;35.3;35.3;35.3;35.3
126;7.02;14.04;14.04;14.04;35.1;35.1;35.1;35.1;35.1;35.1
127;6.92;13.84;13.84;13.84;34.6;34.6;34.6;34.6;34.6;34.6
128;6.74;13.48;13.48;13.48;33.7;33.7;33.7;33.7;33.7;33.7
129;6.44;12.88;12.88;12.88;32.2;32.2;32.2;32.2;32.2;32.2
130;5.92;11.84;11.84;11.84;29.6;29.6;29.6;29.6;29.6;29.6
131;5.2;10.4;10.4;10.4;26;26;26;26;26;26
132;4.4;8.8;8.8;8.8;22;22;22;22;22;22
133;3.7;7.4;7.4;7.4;18.5;18.5;18.5;18.5;18.5;18.5
134;3.32;6.64;6.64;6.64;16.6;16.6;16.6;16.6;16.6;16.6
135;3.5;7;7;7;17.5;17.5;17.5;17.5;17.5;17.5
136;4.18;8.36;8.36;8.36;20.9;20.9;20.9;20.9;20.9;20.9
137;5.04;10.08;10.08;10.08;25.2;25.2;25.2;25.2;25.2;25.2
138;5.82;11.64;11.64;11.64;29.1;29.1;29.1;29.1;29.1;29.1
139;6.28;12.56;12.56;12.56;31.4;31.4;31.4;31.4;31.4;31.4
140;6.38;12.76;12.76;12.76;31.9;31.9;31.9;31.9;31.9;31.9
141;6.28;12.56;12.56;12.56;31.4;31.4;31.4;31.4;31.4;31.4
142;6.12;12.24;12.24;12.24;30.6;30.6;30.6;30.6;30.6;30.6
143;5.9;11.8;11.8;11.8;29.5;29.5;29.5;29.5;29.5;29.5
144;5.58;11.16;11.16;11.16;27.9;27.9;27.9;27.9;27.9;27.9
145;4.98;9.96;9.96;9.96;24.9;24.9;24.9;24.9;24.9;24.9
146;4.04;8.08;8.08;8.08;20.2;20.2;20.2;20.2;20.2;20.2
147;2.96;5.92;5.92;5.92;14.8;14.8;14.8;14.8;14.8;14.8
148;1.9;3.8;3.8;3.8;9.5;9.5;9.5;9.5;9.5;9.5
149;0.96;1.92;1.92;1.92;4.8;4.8;4.8;4.8;4.8;4.8
150;0.28;0.56;0.56;0.56;1.4;1.4;1.4;1.4;1.4;1.4
151;0;0;0;0;0;0;0;0;0;0
152;0;0;0;0;0;0;0;0;0;0
153;0;0;0;0;0;0;0;0;0;0
154;0;0;0;0;0;0;0;0;0;0
155;0;0;0;0;0;0;0;0;0;0
156;0;0;0;0;0;0;0;0;0;0
157;0;0;0;0;0;0;0;0;0;0
158;0;0;0;0;0;0;0;0;0;0
159;0;0;0;0;0;0;0;0;0;0
160;0;0;0;0;0;0;0;0;0;0
161;0;0;0;0;0;0;0;0;0;0
162;0;0;0;0;0;0;0;0;0;0
163;0;0;0;0;0;0;0;0;0;0
164;0;0;0;0;0;0;0;0;0;0
165;0;0;0;0;0;0;0;0;0;0
166;0;0;0;0;0;0;0;0;0;0
167;0;0;0;0;0;0;0;0;0;0
168;0;0;0;0;0;0;0;0;0;0
169;0;0;0;0;0;0;0;0;0;0
170;0;0;0;0;0;0;0;0;0;0
171;0;0;0;0;0;0;0;0;0;0
172;0;0;0;0;0;0;0;0;0;0
173;0;0;0;0;0;0;0;0;0;0
174;0;0;0;0;0;0;0;0;0;0
175;0;0;0;0;0;0;0;0;0;0
176;0;0;0;0;0;0;0;0;0;0
177;0;0;0;0;0;0;0;0;0;0
178;0;0;0;0;0;0;0;0;0;0
179;0;0;0;0;0;0;0;0;0;0
180;0;0;0;0;0;0;0;0;0;0
181;0;0;0;0;0;0;0;0;0;0
182;0;0;0;0;0;0;0;0;0;0
183;0.4;0.8;0.8;0.8;2;2;2;2;2;2
184;1.2;2.4;2.4;2.4;6;6;6;6;6;6
185;2.48;4.96;4.96;4.96;12.4;12.4;12.4;12.4;12.4;12.4
186;4.28;8.56;8.56;8.56;21.4;21.4;21.4;21.4;21.4;21.4
187;6;12;12;12;30;30;30;30;30;30
188;7.16;14.32;14.32;14.32;35.8;35.8;37.1;37.1;37.1;37.1
189;8.12;16.24;16.24;16.24;40.6;40.6;42.5;42.5;42.5;42.5
190;8.86;17.72;17.72;17.72;44.3;44.3;46.6;46.6;46.6;46.6
191;9.28;18.56;18.56;18.56;46.4;46.4;49.8;49.8;49.8;49.8
192;9.68;19.36;19.36;19.36;48.4;48.4;52.4;52.4;52.4;52.4
193;9.76;19.52;19.52;19.52;48.8;48.8;54.4;54.4;54.4;54.4
194;9.62;19.24;19.24;19.24;48.1;48.1;55.6;55.6;55.6;55.6
195;9.72;19.44;19.44;19.44;48.6;48.6;56.1;56.1;56.1;56.1
196;9.76;19.52;19.52;19.52;48.8;48.8;56.2;56.2;56.2;56.2
197;9.7;19.4;19.4;19.4;48.5;48.5;56.2;56.2;56.2;56.2
198;9.78;19.56;19.56;19.56;48.9;48.9;56.2;56.2;56.2;56.2
199;9.84;19.68;19.68;19.68;49.2;49.2;56.7;56.7;56.7;56.7
200;9.98;19.96;19.96;19.96;49.9;49.9;57.2;57.2;57.2;57.2
201;10;20;20;20;50;50;57.7;57.7;57.7;57.7
202;10;20;20;20;50;50;58.2;58.2;58.2;58.2
203;10;20;20;20;50;50;58.7;58.7;58.7;58.7
204;9.84;19.68;19.68;19.68;49.2;49.2;59.3;59.3;59.3;59.3
205;9.8;19.6;19.6;19.6;49;49;59.8;59.8;59.8;59.8
206;9.72;19.44;19.44;19.44;48.6;48.6;60;60;60;60
207;9.46;18.92;18.92;18.92;47.3;47.3;60;60;60;60
208;8.92;17.84;17.84;17.84;44.6;44.6;59.9;59.9;59.9;59.9
209;8.64;17.28;17.28;17.28;43.2;43.2;59.9;59.9;59.9;59.9
210;8.5;17;17;17;42.5;42.5;59.9;59.9;59.9;59.9
211;8.58;17.16;17.16;17.16;42.9;42.9;59.9;59.9;59.9;59.9
212;8.68;17.36;17.36;17.36;43.4;43.4;59.9;59.9;59.9;59.9
213;8.88;17.76;17.76;17.76;44.4;44.4;59.8;59.8;59.8;59.8
214;9.1;18.2;18.2;18.2;45.5;45.5;59.6;59.6;59.6;59.6
215;9.1;18.2;18.2;18.2;45.5;45.5;59.1;59.1;59.1;59.1
216;8.74;17.48;17.48;17.48;43.7;43.7;57.1;57.1;57.1;57.1
217;8.54;17.08;17.08;17.08;42.7;42.7;53.2;53.2;53.2;53.2
218;8.18;16.36;16.36;16.36;40.9;40.9;48.3;48.3;48.3;48.3
219;7.68;15.36;15.36;15.36;38.4;38.4;43.9;43.9;43.9;43.9
220;6.96;13.92;13.92;13.92;34.8;34.8;40.3;40.3;40.3;40.3
221;6.8;13.6;13.6;13.6;34;34;39.5;39.5;39.5;39.5
222;7.16;14.32;14.32;14.32;35.8;35.8;41.3;41.3;41.3;41.3
223;7.94;15.88;15.88;15.88;39.7;39.7;45.2;45.2;45.2;45.2
224;9.02;18.04;18.04;18.04;45.1;45.1;50.1;50.1;50.1;50.1
225;9.74;19.48;19.48;19.48;48.7;48.7;53.7;53.7;53.7;53.7
226;10;20;20;20;50;50;55.8;55.8;55.8;55.8
227;10;20;20;20;50;50;55.8;55.8;55.8;55.8
228;9.94;19.88;19.88;19.88;49.7;49.7;54.7;54.7;54.7;54.7
229;9.66;19.32;19.32;19.32;48.3;48.3;53.3;53.3;53.3;53.3
230;9.44;18.88;18.88;18.88;47.2;47.2;52.2;52.2;52.2;52.2
231;9.4;18.8;18.8;18.8;47;47;52;52;52;52
232;9.42;18.84;18.84;18.84;47.1;47.1;52.1;52.1;52.1;52.1
233;9.36;18.72;18.72;18.72;46.8;46.8;51.8;51.8;51.8;51.8
234;9.16;18.32;18.32;18.32;45.8;45.8;50.8;50.8;50.8;50.8
235;8.84;17.68;17.68;17.68;44.2;44.2;49.2;49.2;49.2;49.2
236;8.48;16.96;16.96;16.96;42.4;42.4;47.4;47.4;47.4;47.4
237;8.14;16.28;16.28;16.28;40.7;40.7;45.7;45.7;45.7;45.7
238;7.78;15.56;15.56;15.56;38.9;38.9;43.9;43.9;43.9;43.9
239;7.4;14.8;14.8;14.8;37;37;42;42;42;42
240;7.04;14.08;14.08;14.08;35.2;35.2;40.2;40.2;40.2;40.2
241;6.66;13.32;13.32;13.32;33.3;33.3;38.3;38.3;38.3;38.3
242;6.56;13.12;13.12;13.12;32.8;32.8;36.4;36.4;36.4;36.4
243;6.38;12.76;12.76;12.76;31.9;31.9;34.6;34.6;34.6;34.6
244;5.98;11.96;11.96;11.96;29.9;29.9;32.7;32.7;32.7;32.7
245;5.5;11;11;11;27.5;27.5;30.6;30.6;30.6;30.6
246;5.2;10.4;10.4;10.4;26;26;28.1;28.1;28.1;28.1
247;5.08;10.16;10.16;10.16;25.4;25.4;25.4;25.4;25.4;25.4
248;4.62;9.24;9.24;9.24;23.1;23.1;23.1;23.1;23.1;23.1
249;4.24;8.48;8.48;8.48;21.2;21.2;21.2;21.2;21.2;21.2
250;3.9;7.8;7.8;7.8;19.5;19.5;19.5;19.5;19.5;19.5
251;3.56;7.12;7.12;7.12;17.8;17.8;17.8;17.8;17.8;17.8
252;3.04;6.08;6.08;6.08;15.2;15.2;15.2;15.2;15.2;15.2
253;2.3;4.6;4.6;4.6;11.5;11.5;11.5;11.5;11.5;11.5
254;1.44;2.88;2.88;2.88;7.2;7.2;7.2;7.2;7.2;7.2
255;0.5;1;1;1;2.5;2.5;2.5;2.5;2.5;2.5
256;0;0;0;0;0;0;0;0;0;0
257;0;0;0;0;0;0;0;0;0;0
258;0;0;0;0;0;0;0;0;0;0
259;0;0;0;0;0;0;0;0;0;0
260;0;0;0;0;0;0;0;0;0;0
261;0;0;0;0;0;0;0;0;0;0
262;0;0;0;0;0;0;0;0;0;0
263;0;0;0;0;0;0;0;0;0;0
264;0;0;0;0;0;0;0;0;0;0
265;0;0;0;0;0;0;0;0;0;0
266;0;0;0;0;0;0;0;0;0;0
267;0.1;0.2;0.2;0.2;0.5;0.5;0.5;0.5;0.5;0.5
268;0.58;1.16;1.16;1.16;2.9;2.9;2.9;2.9;2.9;2.9
269;1.64;3.28;3.28;3.28;8.2;8.2;8.2;8.2;8.2;8.2
270;2.64;5.28;5.28;5.28;13.2;13.2;13.2;13.2;13.2;13.2
271;3.56;7.12;7.12;7.12;17.8;17.8;17.8;17.8;17.8;17.8
272;4.28;8.56;8.56;8.56;21.4;21.4;21.4;21.4;21.4;21.4
273;4.82;9.64;9.64;9.64;24.1;24.1;24.1;24.1;24.1;24.1
274;5.28;10.56;10.56;10.56;26.4;26.4;26.4;26.4;26.4;26.4
275;5.68;11.36;11.36;11.36;28.4;28.4;28.4;28.4;28.4;28.4
276;5.98;11.96;11.96;11.96;29.9;29.9;29.9;29.9;29.9;29.9
277;6.08;12.16;12.16;12.16;30.4;30.4;30.4;30.4;30.4;30.4
278;6.1;12.2;12.2;12.2;30.5;30.5;30.5;30.5;30.5;30.5
279;6.06;12.12;12.12;12.12;30.3;30.3;30.3;30.3;30.3;30.3
280;6.04;12.08;12.08;12.08;30.2;30.2;30.2;30.2;30.2;30.2
281;6.02;12.04;12.04;12.04;30.1;30.1;30.1;30.1;30.1;30.1
282;6.02;12.04;12.04;12.04;30.1;30.1;30.1;30.1;30.1;30.1
283;6.02;12.04;12.04;12.04;30.1;30.1;30.1;30.1;30.1;30.1
284;6.02;12.04;12.04;12.04;30.1;30.1;30.1;30.1;30.1;30.1
285;6.02;12.04;12.04;12.04;30.1;30.1;30.1;30.1;30.1;30.1
286;6.02;12.04;12.04;12.04;30.1;30.1;30.1;30.1;30.1;30.1
287;6.04;12.08;12.08;12.08;30.2;30.2;30.2;30.2;30.2;30.2
288;6.08;12.16;12.16;12.16;30.4;30.4;30.4;30.4;30.4;30.4
289;6.2;12.4;12.4;12.4;31;31;31;31;31;31
290;6.36;12.72;12.72;12.72;31.8;31.8;31.8;31.8;31.8;31.8
291;6.54;13.08;13.08;13.08;32.7;32.7;32.7;32.7;32.7;32.7
292;6.72;13.44;13.44;13.44;33.6;33.6;33.6;33.6;33.6;33.6
293;6.88;13.76;13.76;13.76;34.4;34.4;34.4;34.4;34.4;34.4
294;7;14;14;14;35;35;35;35;35;35
295;7.08;14.16;14.16;14.16;35.4;35.4;35.4;35.4;35.4;35.4
296;7.1;14.2;14.2;14.2;35.5;35.5;35.5;35.5;35.5;35.5
297;7.06;14.12;14.12;14.12;35.3;35.3;35.3;35.3;35.3;35.3
298;6.98;13.96;13.96;13.96;34.9;34.9;34.9;34.9;34.9;34.9
299;6.78;13.56;13.56;13.56;33.9;33.9;33.9;33.9;33.9;33.9
300;6.48;12.96;12.96;12.96;32.4;32.4;32.4;32.4;32.4;32.4
301;6.12;12.24;12.24;12.24;30.6;30.6;30.6;30.6;30.6;30.6
302;5.78;11.56;11.56;11.56;28.9;28.9;28.9;28.9;28.9;28.9
303;5.56;11.12;11.12;11.12;27.8;27.8;27.8;27.8;27.8;27.8
304;5.44;10.88;10.88;10.88;27.2;27.2;27.2;27.2;27.2;27.2
305;5.38;10.76;10.76;10.76;26.9;26.9;26.9;26.9;26.9;26.9
306;5.3;10.6;10.6;10.6;26.5;26.5;26.5;26.5;26.5;26.5
307;5.22;10.44;10.44;10.44;26.1;26.1;26.1;26.1;26.1;26.1
308;5.14;10.28;10.28;10.28;25.7;25.7;25.7;25.7;25.7;25.7
309;5.1;10.2;10.2;10.2;25.5;25.5;25.5;25.5;25.5;25.5
310;5.14;10.28;10.28;10.28;25.7;25.7;25.7;25.7;25.7;25.7
311;5.28;10.56;10.56;10.56;26.4;26.4;26.4;26.4;26.4;26.4
312;5.46;10.92;10.92;10.92;27.3;27.3;27.3;27.3;27.3;27.3
313;5.62;11.24;11.24;11.24;28.1;28.1;28.1;28.1;28.1;28.1
314;5.58;11.16;11.16;11.16;27.9;27.9;27.9;27.9;27.9;27.9
315;5.2;10.4;10.4;10.4;26;26;26;26;26;26
316;4.54;9.08;9.08;9.08;22.7;22.7;22.7;22.7;22.7;22.7
317;3.8;7.6;7.6;7.6;19;19;19;19;19;19
318;3.2;6.4;6.4;6.4;16;16;16;16;16;16
319;2.92;5.84;5.84;5.84;14.6;14.6;14.6;14.6;14.6;14.6
320;3.04;6.08;6.08;6.08;15.2;15.2;15.2;15.2;15.2;15.2
321;3.38;6.76;6.76;6.76;16.9;16.9;16.9;16.9;16.9;16.9
322;3.86;7.72;7.72;7.72;19.3;19.3;19.3;19.3;19.3;19.3
323;4.4;8.8;8.8;8.8;22;22;22;22;22;22
324;4.92;9.84;9.84;9.84;24.6;24.6;24.6;24.6;24.6;24.6
325;5.36;10.72;10.72;10.72;26.8;26.8;26.8;26.8;26.8;26.8
326;5.58;11.16;11.16;11.16;27.9;27.9;27.9;27.9;27.9;27.9
327;5.62;11.24;11.24;11.24;28.1;28.1;28.1;28.1;28.1;28.1
328;5.54;11.08;11.08;11.08;27.7;27.7;27.7;27.7;27.7;27.7
329;5.44;10.88;10.88;10.88;27.2;27.2;27.2;27.2;27.2;27.2
330;5.34;10.68;10.68;10.68;26.7;26.7;26.7;26.7;26.7;26.7
331;5.32;10.64;10.64;10.64;26.6;26.6;26.6;26.6;26.6;26.6
332;5.36;10.72;10.72;10.72;26.8;26.8;26.8;26.8;26.8;26.8
333;5.4;10.8;10.8;10.8;27;27;27;27;27;27
334;5.44;10.88;10.88;10.88;27.2;27.2;27.2;27.2;27.2;27.2
335;5.48;10.96;10.96;10.96;27.4;27.4;27.4;27.4;27.4;27.4
336;5.5;11;11;11;27.5;27.5;27.5;27.5;27.5;27.5
337;5.54;11.08;11.08;11.08;27.7;27.7;27.7;27.7;27.7;27.7
338;5.58;11.16;11.16;11.16;27.9;27.9;27.9;27.9;27.9;27.9
339;5.62;11.24;11.24;11.24;28.1;28.1;28.1;28.1;28.1;28.1
340;5.66;11.32;11.32;11.32;28.3;28.3;28.3;28.3;28.3;28.3
341;5.72;11.44;11.44;11.44;28.6;28.6;28.6;28.6;28.6;28.6
342;5.8;11.6;11.6;11.6;29;29;29;29;29;29
343;5.9;11.8;11.8;11.8;29.5;29.5;29.5;29.5;29.5;29.5
344;6.02;12.04;12.04;12.04;30.1;30.1;30.1;30.1;30.1;30.1
345;6.1;12.2;12.2;12.2;30.5;30.5;30.5;30.5;30.5;30.5
346;6.14;12.28;12.28;12.28;30.7;30.7;30.7;30.7;30.7;30.7
347;6.16;12.32;12.32;12.32;30.8;30.8;30.8;30.8;30.8;30.8
348;6.16;12.32;12.32;12.32;30.8;30.8;30.8;30.8;30.8;30.8
349;6.16;12.32;12.32;12.32;30.8;30.8;30.8;30.8;30.8;30.8
350;6.16;12.32;12.32;12.32;30.8;30.8;30.8;30.8;30.8;30.8
351;6.16;12.32;12.32;12.32;30.8;30.8;30.8;30.8;30.8;30.8
352;6.16;12.32;12.32;12.32;30.8;30.8;30.8;30.8;30.8;30.8
353;6.16;12.32;12.32;12.32;30.8;30.8;30.8;30.8;30.8;30.8
354;6.18;12.36;12.36;12.36;30.9;30.9;30.9;30.9;30.9;30.9
355;6.18;12.36;12.36;12.36;30.9;30.9;30.9;30.9;30.9;30.9
356;6.18;12.36;12.36;12.36;30.9;30.9;30.9;30.9;30.9;30.9
357;6.16;12.32;12.32;12.32;30.8;30.8;30.8;30.8;30.8;30.8
358;6.08;12.16;12.16;12.16;30.4;30.4;30.4;30.4;30.4;30.4
359;5.92;11.84;11.84;11.84;29.6;29.6;29.6;29.6;29.6;29.6
360;5.68;11.36;11.36;11.36;28.4;28.4;28.4;28.4;28.4;28.4
361;5.42;10.84;10.84;10.84;27.1;27.1;27.1;27.1;27.1;27.1
362;5.2;10.4;10.4;10.4;26;26;26;26;26;26
363;5.08;10.16;10.16;10.16;25.4;25.4;25.4;25.4;25.4;25.4
364;5.1;10.2;10.2;10.2;25.5;25.5;25.5;25.5;25.5;25.5
365;5.26;10.52;10.52;10.52;26.3;26.3;26.3;26.3;26.3;26.3
366;5.46;10.92;10.92;10.92;27.3;27.3;27.3;27.3;27.3;27.3
367;5.68;11.36;11.36;11.36;28.4;28.4;28.4;28.4;28.4;28.4
368;5.84;11.68;11.68;11.68;29.2;29.2;29.2;29.2;29.2;29.2
369;5.9;11.8;11.8;11.8;29.5;29.5;29.5;29.5;29.5;29.5
370;5.88;11.76;11.76;11.76;29.4;29.4;29.4;29.4;29.4;29.4
371;5.78;11.56;11.56;11.56;28.9;28.9;28.9;28.9;28.9;28.9
372;5.62;11.24;11.24;11.24;28.1;28.1;28.1;28.1;28.1;28.1
373;5.44;10.88;10.88;10.88;27.2;27.2;27.2;27.2;27.2;27.2
374;5.26;10.52;10.52;10.52;26.3;26.3;26.3;26.3;26.3;26.3
375;5.14;10.28;10.28;10.28;25.7;25.7;25.7;25.7;25.7;25.7
376;5.1;10.2;10.2;10.2;25.5;25.5;25.5;25.5;25.5;25.5
377;5.12;10.24;10.24;10.24;25.6;25.6;25.6;25.6;25.6;25.6
378;5.2;10.4;10.4;10.4;26;26;26;26;26;26
379;5.28;10.56;10.56;10.56;26.4;26.4;26.4;26.4;26.4;26.4
380;5.4;10.8;10.8;10.8;27;27;27;27;27;27
381;5.54;11.08;11.08;11.08;27.7;27.7;27.7;27.7;27.7;27.7
382;5.7;11.4;11.4;11.4;28.5;28.5;28.5;28.5;28.5;28.5
383;5.88;11.76;11.76;11.76;29.4;29.4;29.4;29.4;29.4;29.4
384;6.04;12.08;12.08;12.08;30.2;30.2;30.2;30.2;30.2;30.2
385;6.1;12.2;12.2;12.2;30.5;30.5;30.5;30.5;30.5;30.5
386;6.06;12.12;12.12;12.12;30.3;30.3;30.3;30.3;30.3;30.3
387;5.9;11.8;11.8;11.8;29.5;29.5;29.5;29.5;29.5;29.5
388;5.74;11.48;11.48;11.48;28.7;28.7;28.7;28.7;28.7;28.7
389;5.58;11.16;11.16;11.16;27.9;27.9;27.9;27.9;27.9;27.9
390;5.5;11;11;11;27.5;27.5;27.5;27.5;27.5;27.5
391;5.46;10.92;10.92;10.92;27.3;27.3;27.3;27.3;27.3;27.3
392;5.4;10.8;10.8;10.8;27;27;27;27;27;27
393;5.3;10.6;10.6;10.6;26.5;26.5;26.5;26.5;26.5;26.5
394;5.16;10.32;10.32;10.32;25.8;25.8;25.8;25.8;25.8;25.8
395;5;10;10;10;25;25;25;25;25;25
396;4.3;8.6;8.6;8.6;21.5;21.5;21.5;21.5;21.5;21.5
397;3.2;6.4;6.4;6.4;16;16;16;16;16;16
398;2;4;4;4;10;10;10;10;10;10
399;1;2;2;2;5;5;5;5;5;5
400;0.44;0.88;0.88;0.88;2.2;2.2;2.2;2.2;2.2;2.2
401;0.2;0.4;0.4;0.4;1;1;1;1;1;1
402;0;0;0;0;0;0;0;0;0;0
403;0;0;0;0;0;0;0;0;0;0
404;0;0;0;0;0;0;0;0;0;0
405;0;0;0;0;0;0;0;0;0;0
406;0;0;0;0;0;0;0;0;0;0
407;0;0;0;0;0;0;0;0;0;0
408;0.24;0.48;0.48;0.48;1.2;1.2;1.2;1.2;1.2;1.2
409;0.64;1.28;1.28;1.28;3.2;3.2;3.2;3.2;3.2;3.2
410;1.18;2.36;2.36;2.36;5.9;5.9;5.9;5.9;5.9;5.9
411;1.76;3.52;3.52;3.52;8.8;8.8;8.8;8.8;8.8;8.8
412;2.4;4.8;4.8;4.8;12;12;12;12;12;12
413;3.08;6.16;6.16;6.16;15.4;15.4;15.4;15.4;15.4;15.4
414;3.78;7.56;7.56;7.56;18.9;18.9;18.9;18.9;18.9;18.9
415;4.42;8.84;8.84;8.84;22.1;22.1;22.1;22.1;22.1;22.1
416;4.94;9.88;9.88;9.88;24.7;24.7;24.7;24.7;24.7;24.7
417;5.36;10.72;10.72;10.72;26.8;26.8;26.8;26.8;26.8;26.8
418;5.74;11.48;11.48;11.48;28.7;28.7;28.7;28.7;28.7;28.7
419;6.12;12.24;12.24;12.24;30.6;30.6;30.6;30.6;30.6;30.6
420;6.48;12.96;12.96;12.96;32.4;32.4;32.4;32.4;32.4;32.4
421;6.8;13.6;13.6;13.6;34;34;34;34;34;34
422;7.08;14.16;14.16;14.16;35.4;35.4;35.4;35.4;35.4;35.4
423;7.3;14.6;14.6;14.6;36.5;36.5;36.5;36.5;36.5;36.5
424;7.5;15;15;15;37.5;37.5;37.5;37.5;37.5;37.5
425;7.72;15.44;15.44;15.44;38.6;38.6;38.6;38.6;38.6;38.6
426;7.94;15.88;15.88;15.88;39.7;39.7;39.7;39.7;39.7;39.7
427;8.14;16.28;16.28;16.28;40.7;40.7;40.7;40.7;40.7;40.7
428;8.3;16.6;16.6;16.6;41.5;41.5;41.5;41.5;41.5;41.5
429;8.34;16.68;16.68;16.68;41.7;41.7;41.7;41.7;41.7;41.7
430;8.3;16.6;16.6;16.6;41.5;41.5;41.5;41.5;41.5;41.5
431;8.2;16.4;16.4;16.4;41;41;41;41;41;41
432;8.12;16.24;16.24;16.24;40.6;40.6;40.6;40.6;40.6;40.6
433;8.06;16.12;16.12;16.12;40.3;40.3;40.3;40.3;40.3;40.3
434;8.02;16.04;16.04;16.04;40.1;40.1;40.1;40.1;40.1;40.1
435;8.02;16.04;16.04;16.04;40.1;40.1;40.1;40.1;40.1;40.1
436;7.96;15.92;15.92;15.92;39.8;39.8;39.8;39.8;39.8;39.8
437;7.78;15.56;15.56;15.56;38.9;38.9;38.9;38.9;38.9;38.9
438;7.5;15;15;15;37.5;37.5;37.5;37.5;37.5;37.5
439;7.16;14.32;14.32;14.32;35.8;35.8;35.8;35.8;35.8;35.8
440;6.84;13.68;13.68;13.68;34.2;34.2;34.2;34.2;34.2;34.2
441;6.5;13;13;13;32.5;32.5;32.5;32.5;32.5;32.5
442;6.18;12.36;12.36;12.36;30.9;30.9;30.9;30.9;30.9;30.9
443;5.88;11.76;11.76;11.76;29.4;29.4;29.4;29.4;29.4;29.4
444;5.6;11.2;11.2;11.2;28;28;28;28;28;28
445;5.3;10.6;10.6;10.6;26.5;26.5;26.5;26.5;26.5;26.5
446;5;10;10;10;25;25;25;25;25;25
447;4.68;9.36;9.36;9.36;23.4;23.4;23.4;23.4;23.4;23.4
448;4.38;8.76;8.76;8.76;21.9;21.9;21.9;21.9;21.9;21.9
449;4.08;8.16;8.16;8.16;20.4;20.4;20.4;20.4;20.4;20.4
450;3.88;7.76;7.76;7.76;19.4;19.4;19.4;19.4;19.4;19.4
451;3.76;7.52;7.52;7.52;18.8;18.8;18.8;18.8;18.8;18.8
452;3.68;7.36;7.36;7.36;18.4;18.4;18.4;18.4;18.4;18.4
453;3.6;7.2;7.2;7.2;18;18;18;18;18;18
454;3.5;7;7;7;17.5;17.5;17.5;17.5;17.5;17.5
455;3.38;6.76;6.76;6.76;16.9;16.9;16.9;16.9;16.9;16.9
456;3.28;6.56;6.56;6.56;16.4;16.4;16.4;16.4;16.4;16.4
457;3.32;6.64;6.64;6.64;16.6;16.6;16.6;16.6;16.6;16.6
458;3.54;7.08;7.08;7.08;17.7;17.7;17.7;17.7;17.7;17.7
459;3.86;7.72;7.72;7.72;19.3;19.3;19.3;19.3;19.3;19.3
460;4.18;8.36;8.36;8.36;20.9;20.9;20.9;20.9;20.9;20.9
461;4.46;8.92;8.92;8.92;22.3;22.3;22.3;22.3;22.3;22.3
462;4.64;9.28;9.28;9.28;23.2;23.2;23.2;23.2;23.2;23.2
463;4.64;9.28;9.28;9.28;23.2;23.2;23.2;23.2;23.2;23.2
464;4.44;8.88;8.88;8.88;22.2;22.2;22.2;22.2;22.2;22.2
465;4.06;8.12;8.12;8.12;20.3;20.3;20.3;20.3;20.3;20.3
466;3.58;7.16;7.16;7.16;17.9;17.9;17.9;17.9;17.9;17.9
467;3.04;6.08;6.08;6.08;15.2;15.2;15.2;15.2;15.2;15.2
468;2.46;4.92;4.92;4.92;12.3;12.3;12.3;12.3;12.3;12.3
469;1.86;3.72;3.72;3.72;9.3;9.3;9.3;9.3;9.3;9.3
470;1.28;2.56;2.56;2.56;6.4;6.4;6.4;6.4;6.4;6.4
471;0.76;1.52;1.52;1.52;3.8;3.8;3.8;3.8;3.8;3.8
472;0.38;0.76;0.76;0.76;1.9;1.9;1.9;1.9;1.9;1.9
473;0.18;0.36;0.36;0.36;0.9;0.9;0.9;0.9;0.9;0.9
474;0;0;0;0;0;0;0;0;0;0
475;0;0;0;0;0;0;0;0;0;0
476;0;0;0;0;0;0;0;0;0;0
477;0;0;0;0;0;0;0;0;0;0
478;0;0;0;0;0;0;0;0;0;0
479;0;0;0;0;0;0;0;0;0;0
480;0;0;0;0;0;0;0;0;0;0
481;0;0;0;0;0;0;0;0;0;0
482;0;0;0;0;0;0;0;0;0;0
483;0;0;0;0;0;0;0;0;0;0
484;0;0;0;0;0;0;0;0;0;0
485;0;0;0;0;0;0;0;0;0;0
486;0.28;0.56;0.56;0.56;1.4;1.4;1.4;1.4;1.4;1.4
487;0.9;1.8;1.8;1.8;4.5;4.5;4.5;4.5;4.5;4.5
488;1.76;3.52;3.52;3.52;8.8;8.8;8.8;8.8;8.8;8.8
489;2.68;5.36;5.36;5.36;13.4;13.4;13.4;13.4;13.4;13.4
490;3.46;6.92;6.92;6.92;17.3;17.3;17.3;17.3;17.3;17.3
491;3.84;7.68;7.68;7.68;19.2;19.2;19.2;19.2;19.2;19.2
492;3.94;7.88;7.88;7.88;19.7;19.7;19.7;19.7;19.7;19.7
493;3.96;7.92;7.92;7.92;19.8;19.8;19.8;19.8;19.8;19.8
494;4.14;8.28;8.28;8.28;20.7;20.7;20.7;20.7;20.7;20.7
495;4.72;9.44;9.44;9.44;23.6;23.6;23.6;23.6;23.6;23.6
496;5.62;11.24;11.24;11.24;28.1;28.1;28.1;28.1;28.1;28.1
497;6.56;13.12;13.12;13.12;32.8;32.8;32.8;32.8;32.8;32.8
498;7.26;14.52;14.52;14.52;36.3;36.3;36.3;36.3;36.3;36.3
499;7.42;14.84;14.84;14.84;37.1;37.1;37.1;37.1;37.1;37.1
500;7.02;14.04;14.04;14.04;35.1;35.1;35.1;35.1;35.1;35.1
501;6.22;12.44;12.44;12.44;31.1;31.1;31.1;31.1;31.1;31.1
502;5.6;11.2;11.2;11.2;28;28;28;28;28;28
503;5.5;11;11;11;27.5;27.5;27.5;27.5;27.5;27.5
504;5.9;11.8;11.8;11.8;29.5;29.5;29.5;29.5;29.5;29.5
505;6.8;13.6;13.6;13.6;34;34;34;34;34;34
506;7.4;14.8;14.8;14.8;37;37;37;37;37;37
507;7.6;15.2;15.2;15.2;38;38;38;38;38;38
508;7.22;14.44;14.44;14.44;36.1;36.1;36.1;36.1;36.1;36.1
509;6.3;12.6;12.6;12.6;31.5;31.5;31.5;31.5;31.5;31.5
510;4.9;9.8;9.8;9.8;24.5;24.5;24.5;24.5;24.5;24.5
511;3.5;7;7;7;17.5;17.5;17.5;17.5;17.5;17.5
512;2.1;4.2;4.2;4.2;10.5;10.5;10.5;10.5;10.5;10.5
513;0.9;1.8;1.8;1.8;4.5;4.5;4.5;4.5;4.5;4.5
514;0.2;0.4;0.4;0.4;1;1;1;1;1;1
515;0;0;0;0;0;0;0;0;0;0
516;0;0;0;0;0;0;0;0;0;0
517;0;0;0;0;0;0;0;0;0;0
518;0;0;0;0;0;0;0;0;0;0
519;0.58;1.16;1.16;1.16;2.9;2.9;2.9;2.9;2.9;2.9
520;1.6;3.2;3.2;3.2;8;8;8;8;8;8
521;3.2;6.4;6.4;6.4;16;16;16;16;16;16
522;4.8;9.6;9.6;9.6;24;24;24;24;24;24
523;6.4;12.8;12.8;12.8;32;32;32;32;32;32
524;7.76;15.52;15.52;15.52;38.8;38.8;38.8;38.8;38.8;38.8
525;8.62;17.24;17.24;17.24;43.1;43.1;43.1;43.1;43.1;43.1
526;9.2;18.4;18.4;18.4;46;46;46;46;46;46
527;9.5;19;19;19;47.5;47.5;47.5;47.5;47.5;47.5
528;9.5;19;19;19;47.5;47.5;47.5;47.5;47.5;47.5
529;8.96;17.92;17.92;17.92;44.8;44.8;44.8;44.8;44.8;44.8
530;8.02;16.04;16.04;16.04;40.1;40.1;40.1;40.1;40.1;40.1
531;6.76;13.52;13.52;13.52;33.8;33.8;33.8;33.8;33.8;33.8
532;5.44;10.88;10.88;10.88;27.2;27.2;27.2;27.2;27.2;27.2
533;4;8;8;8;20;20;20;20;20;20
534;2.56;5.12;5.12;5.12;12.8;12.8;12.8;12.8;12.8;12.8
535;1.4;2.8;2.8;2.8;7;7;7;7;7;7
536;0.44;0.88;0.88;0.88;2.2;2.2;2.2;2.2;2.2;2.2
537;0;0;0;0;0;0;0;0;0;0
538;0;0;0;0;0;0;0;0;0;0
539;0;0;0;0;0;0;0;0;0;0
540;0;0;0;0;0;0;0;0;0;0
541;0;0;0;0;0;0;0;0;0;0
542;0.54;1.08;1.08;1.08;2.7;2.7;2.7;2.7;2.7;2.7
543;1.6;3.2;3.2;3.2;8;8;8;8;8;8
544;3.2;6.4;6.4;6.4;16;16;16;16;16;16
545;4.8;9.6;9.6;9.6;24;24;24;24;24;24
546;6.4;12.8;12.8;12.8;32;32;32;32;32;32
547;7.44;14.88;14.88;14.88;37.2;37.2;37.2;37.2;37.2;37.2
548;8.08;16.16;16.16;16.16;40.4;40.4;40.4;40.4;40.4;40.4
549;8.6;17.2;17.2;17.2;43;43;43;43;43;43
550;8.92;17.84;17.84;17.84;44.6;44.6;44.6;44.6;44.6;44.6
551;9.04;18.08;18.08;18.08;45.2;45.2;45.2;45.2;45.2;45.2
552;9.06;18.12;18.12;18.12;45.3;45.3;45.3;45.3;45.3;45.3
553;9.08;18.16;18.16;18.16;45.4;45.4;45.4;45.4;45.4;45.4
554;9.1;18.2;18.2;18.2;45.5;45.5;45.5;45.5;45.5;45.5
555;9.12;18.24;18.24;18.24;45.6;45.6;45.6;45.6;45.6;45.6
556;9.14;18.28;18.28;18.28;45.7;45.7;45.7;45.7;45.7;45.7
557;9.16;18.32;18.32;18.32;45.8;45.8;45.8;45.8;45.8;45.8
558;9.18;18.36;18.36;18.36;45.9;45.9;45.9;45.9;45.9;45.9
559;9.2;18.4;18.4;18.4;46;46;46;46;46;46
560;9.22;18.44;18.44;18.44;46.1;46.1;46.1;46.1;46.1;46.1
561;9.24;18.48;18.48;18.48;46.2;46.2;46.2;46.2;46.2;46.2
562;9.26;18.52;18.52;18.52;46.3;46.3;46.3;46.3;46.3;46.3
563;9.28;18.56;18.56;18.56;46.4;46.4;46.4;46.4;46.4;46.4
564;9.34;18.68;18.68;18.68;46.7;46.7;46.7;46.7;46.7;46.7
565;9.44;18.88;18.88;18.88;47.2;47.2;47.2;47.2;47.2;47.2
566;9.6;19.2;19.2;19.2;48;48;48;48;48;48
567;9.78;19.56;19.56;19.56;48.9;48.9;48.9;48.9;48.9;48.9
568;9.96;19.92;19.92;19.92;49.8;49.8;49.8;49.8;49.8;49.8
569;10;20;20;20;50;50;50.5;50.5;50.5;50.5
570;10;20;20;20;50;50;51;51;51;51
571;10;20;20;20;50;50;51.1;51.1;51.1;51.1
572;10;20;20;20;50;50;51;51;51;51
573;10;20;20;20;50;50;50.4;50.4;50.4;50.4
574;9.8;19.6;19.6;19.6;49;49;49;49;49;49
575;9.34;18.68;18.68;18.68;46.7;46.7;46.7;46.7;46.7;46.7
576;8.8;17.6;17.6;17.6;44;44;44;44;44;44
577;8.22;16.44;16.44;16.44;41.1;41.1;41.1;41.1;41.1;41.1
578;7.66;15.32;15.32;15.32;38.3;38.3;38.3;38.3;38.3;38.3
579;7.08;14.16;14.16;14.16;35.4;35.4;35.4;35.4;35.4;35.4
580;6.36;12.72;12.72;12.72;31.8;31.8;31.8;31.8;31.8;31.8
581;5.46;10.92;10.92;10.92;27.3;27.3;27.3;27.3;27.3;27.3
582;4.48;8.96;8.96;8.96;22.4;22.4;22.4;22.4;22.4;22.4
583;3.54;7.08;7.08;7.08;17.7;17.7;17.7;17.7;17.7;17.7
584;2.68;5.36;5.36;5.36;13.4;13.4;13.4;13.4;13.4;13.4
585;1.86;3.72;3.72;3.72;9.3;9.3;9.3;9.3;9.3;9.3
586;1.1;2.2;2.2;2.2;5.5;5.5;5.5;5.5;5.5;5.5
587;0.4;0.8;0.8;0.8;2;2;2;2;2;2
588;0;0;0;0;0;0;0;0;0;0
589;0;0;0;0;0;0;0;0;0;0
590;0;0;0;0;0;0;0;0;0;0
591;0;0;0;0;0;0;0;0;0;0
592;0;0;0;0;0;0;0;0;0;0
593;0;0;0;0;0;0;0;0;0;0
594;0;0;0;0;0;0;0;0;0;0
595;0;0;0;0;0;0;0;0;0;0
596;0;0;0;0;0;0;0;0;0;0
597;0;0;0;0;0;0;0;0;0;0
598;0;0;0;0;0;0;0;0;0;0
599;0;0;0;0;0;0;0;0;0;0
600;0;0;0;0;0;0;0;0;0;0
601;0;0;0;0;0;0;0;0;0;0
602;0;0;0;0;0;0;0;0;0;0
603;0;0;0;0;0;0;0;0;0;0
604;0;0;0;0;0;0;0;0;0;0
605;0;0;0;0;0;0;0;0;0;0
606;0;0;0;0;0;0;0;0;0;0
607;0;0;0;0;0;0;0;0;0;0
608;0;0;0;0;0;0;0;0;0;0
609;0;0;0;0;0;0;2.3;2.3;2.3;2.3
610;0;0;0;0;0;0;7.3;7.3;7.3;7.3
611;0;0;0;0;0;0;15.2;15.2;15.2;15.2
612;0;0;0;0;0;0;23.9;23.9;23.9;23.9
613;0;0;0;0;0;0;32.5;32.5;32.5;32.5
614;0;0;0;0;0;0;39.2;39.2;39.2;39.2
615;0;0;0;0;0;0;44.1;44.1;44.1;44.1
616;0;0;0;0;0;0;48.1;48.1;48.1;48.1
617;0;0;0;0;0;0;51.2;51.2;51.2;51.2
618;0;0;0;0;0;0;53.3;53.3;53.3;53.3
619;0;0;0;0;0;0;54.5;54.5;54.5;54.5
620;0;0;0;0;0;0;55.7;55.7;55.7;55.7
621;0;0;0;0;0;0;56.8;56.8;56.8;56.8
622;0;0;0;0;0;0;57.5;57.5;57.5;57.5
623;0;0;0;0;0;0;58;58;58;58
624;0;0;0;0;0;0;58.4;58.4;58.4;58.4
625;0;0;0;0;0;0;58.5;58.5;58.5;58.5
626;0;0;0;0;0;0;58.5;58.5;58.5;58.5
627;0;0;0;0;0;0;58.6;58.6;58.6;58.6
628;0;0;0;0;0;0;58.9;58.9;58.9;58.9
629;0;0;0;0;0;0;59.3;59.3;59.3;59.3
630;0;0;0;0;0;0;59.8;59.8;59.8;59.8
631;0;0;0;0;0;0;60.2;60.2;60.2;60.2
632;0;0;0;0;0;0;60.5;60.5;60.5;60.5
633;0;0;0;0;0;0;60.8;60.8;60.8;60.8
634;0;0;0;0;0;0;61.1;61.1;61.1;61.1
635;0;0;0;0;0;0;61.5;61.5;61.5;61.5
636;0;0;0;0;0;0;62;62;62;62
637;0;0;0;0;0;0;62.5;62.5;62.5;62.5
638;0;0;0;0;0;0;63;63;63;63
639;0;0;0;0;0;0;63.4;63.4;63.4;63.4
640;0;0;0;0;0;0;63.7;63.7;63.7;63.7
641;0;0;0;0;0;0;63.8;63.8;63.8;63.8
642;0;0;0;0;0;0;63.9;63.9;63.9;63.9
643;0;0;0;0;0;0;63.8;63.8;63.8;63.8
644;0;0;0;0;0;0;63.2;63.2;63.2;63.2
645;0;0;0;0;0;0;61.7;61.7;61.7;61.7
646;0;0;0;0;0;0;58.9;58.9;58.9;58.9
647;0;0;0;0;0;0;55.2;55.2;55.2;55.2
648;0;0;0;0;0;0;51;51;51;51
649;0;0;0;0;0;0;46.7;46.7;46.7;46.7
650;0;0;0;0;0;0;42.8;42.8;42.8;42.8
651;0;0;0;0;0;0;40.2;40.2;40.2;40.2
652;0;0;0;0;0;0;38.8;38.8;38.8;38.8
653;0;0;0;0;0;0;37.9;37.9;37.9;37.9
654;0;0;0;0;0;0;36.7;36.7;36.7;36.7
655;0;0;0;0;0;0;35.1;35.1;35.1;35.1
656;0;0;0;0;0;0;32.9;32.9;32.9;32.9
657;0;0;0;0;0;0;30.4;30.4;30.4;30.4
658;0;0;0;0;0;0;28;28;28;28
659;0;0;0;0;0;0;25.9;25.9;25.9;25.9
660;0;0;0;0;0;0;24.4;24.4;24.4;24.4
661;0;0;0;0;0;0;23.7;23.7;23.7;23.7
662;0;0;0;0;0;0;23.8;23.8;23.8;23.8
663;0;0;0;0;0;0;25;25;25;25
664;0;0;0;0;0;0;27.3;27.3;27.3;27.3
665;0;0;0;0;0;0;30.4;30.4;30.4;30.4
666;0;0;0;0;0;0;33.9;33.9;33.9;33.9
667;0;0;0;0;0;0;37.3;37.3;37.3;37.3
668;0;0;0;0;0;0;39.8;39.8;39.8;39.8
669;0;0;0;0;0;0;39.5;39.5;39.5;39.5
670;0;0;0;0;0;0;36.3;36.3;36.3;36.3
671;0;0;0;0;0;0;31.4;31.4;31.4;31.4
672;0;0;0;0;0;0;26.5;26.5;26.5;26.5
673;0;0;0;0;0;0;24.2;24.2;24.2;24.2
674;0;0;0;0;0;0;24.8;24.8;24.8;24.8
675;0;0;0;0;0;0;26.6;26.6;26.6;26.6
676;0;0;0;0;0;0;27.5;27.5;27.5;27.5
677;0;0;0;0;0;0;26.8;26.8;26.8;26.8
678;0;0;0;0;0;0;25.3;25.3;25.3;25.3
679;0;0;0;0;0;0;24;24;24;24
680;0;0;0;0;0;0;23.3;23.3;23.3;23.3
681;0;0;0;0;0;0;23.7;23.7;23.7;23.7
682;0;0;0;0;0;0;24.9;24.9;24.9;24.9
683;0;0;0;0;0;0;26.4;26.4;26.4;26.4
684;0;0;0;0;0;0;27.7;27.7;27.7;27.7
685;0;0;0;0;0;0;28.3;28.3;28.3;28.3
686;0;0;0;0;0;0;28.3;28.3;28.3;28.3
687;0;0;0;0;0;0;28.1;28.1;28.1;28.1
688;0;0;0;0;0;0;28.1;28.1;28.1;28.1
689;0;0;0;0;0;0;28.6;28.6;28.6;28.6
690;0;0;0;0;0;0;29.8;29.8;29.8;29.8
691;0;0;0;0;0;0;31.6;31.6;31.6;31.6
692;0;0;0;0;0;0;33.9;33.9;33.9;33.9
693;0;0;0;0;0;0;36.5;36.5;36.5;36.5
694;0;0;0;0;0;0;39.1;39.1;39.1;39.1
695;0;0;0;0;0;0;41.5;41.5;41.5;41.5
696;0;0;0;0;0;0;43.3;43.3;43.3;43.3
697;0;0;0;0;0;0;44.5;44.5;44.5;44.5
698;0;0;0;0;0;0;45.1;45.1;45.1;45.1
699;0;0;0;0;0;0;45.1;45.1;45.1;45.1
700;0;0;0;0;0;0;43.9;43.9;43.9;43.9
701;0;0;0;0;0;0;41.4;41.4;41.4;41.4
702;0;0;0;0;0;0;38.4;38.4;38.4;38.4
703;0;0;0;0;0;0;35.5;35.5;35.5;35.5
704;0;0;0;0;0;0;32.9;32.9;32.9;32.9
705;0;0;0;0;0;0;31.3;31.3;31.3;31.3
706;0;0;0;0;0;0;30.7;30.7;30.7;30.7
707;0;0;0;0;0;0;31;31;31;31
708;0;0;0;0;0;0;32.2;32.2;32.2;32.2
709;0;0;0;0;0;0;34;34;34;34
710;0;0;0;0;0;0;36;36;36;36
711;0;0;0;0;0;0;37.9;37.9;37.9;37.9
712;0;0;0;0;0;0;39.8;39.8;39.8;39.8
713;0;0;0;0;0;0;41.6;41.6;41.6;41.6
714;0;0;0;0;0;0;43.1;43.1;43.1;43.1
715;0;0;0;0;0;0;44.3;44.3;44.3;44.3
716;0;0;0;0;0;0;45;45;45;45
717;0;0;0;0;0;0;45.5;45.5;45.5;45.5
718;0;0;0;0;0;0;45.8;45.8;45.8;45.8
719;0;0;0;0;0;0;46;46;46;46
720;0;0;0;0;0;0;46.1;46.1;46.1;46.1
721;0;0;0;0;0;0;46.2;46.2;46.2;46.2
722;0;0;0;0;0;0;46.1;46.1;46.1;46.1
723;0;0;0;0;0;0;45.7;45.7;45.7;45.7
724;0;0;0;0;0;0;45;45;45;45
725;0;0;0;0;0;0;44.3;44.3;44.3;44.3
726;0;0;0;0;0;0;44.7;44.7;44.7;44.7
727;0;0;0;0;0;0;46.8;46.8;46.8;46.8
728;0;0;0;0;0;0;50.1;50.1;50.1;50.1
729;0;0;0;0;0;0;53.6;53.6;53.6;53.6
730;0;0;0;0;0;0;56.9;56.9;56.9;56.9
731;0;0;0;0;0;0;59.4;59.4;59.4;59.4
732;0;0;0;0;0;0;60.2;60.2;60.2;60.2
733;0;0;0;0;0;0;59.3;59.3;59.3;59.3
734;0;0;0;0;0;0;57.5;57.5;57.5;57.5
735;0;0;0;0;0;0;55.4;55.4;55.4;55.4
736;0;0;0;0;0;0;52.5;52.5;52.5;52.5
737;0;0;0;0;0;0;47.9;47.9;47.9;47.9
738;0;0;0;0;0;0;41.4;41.4;41.4;41.4
739;0;0;0;0;0;0;34.4;34.4;34.4;34.4
740;0;0;0;0;0;0;30;30;30;30
741;0;0;0;0;0;0;27;27;27;27
742;0;0;0;0;0;0;26.5;26.5;26.5;26.5
743;0;0;0;0;0;0;28.7;28.7;28.7;28.7
744;0;0;0;0;0;0;33.8;33.8;33.8;33.8
745;0;0;0;0;0;0;40.3;40.3;40.3;40.3
746;0;0;0;0;0;0;46.6;46.6;46.6;46.6
747;0;0;0;0;0;0;50.4;50.4;50.4;50.4
748;0;0;0;0;0;0;53.9;53.9;53.9;53.9
749;0;0;0;0;0;0;56.9;56.9;56.9;56.9
750;0;0;0;0;0;0;59.1;59.1;59.1;59.1
751;0;0;0;0;0;0;60.6;60.6;60.6;60.6
752;0;0;0;0;0;0;61.7;61.7;61.7;61.7
753;0;0;0;0;0;0;62.6;62.6;62.6;62.6
754;0;0;0;0;0;0;63.1;63.1;63.1;63.1
755;0;0;0;0;0;0;62.9;62.9;62.9;62.9
756;0;0;0;0;0;0;61.6;61.6;61.6;61.6
757;0;0;0;0;0;0;59.4;59.4;59.4;59.4
758;0;0;0;0;0;0;56.6;56.6;56.6;56.6
759;0;0;0;0;0;0;53.7;53.7;53.7;53.7
760;0;0;0;0;0;0;50.7;50.7;50.7;50.7
761;0;0;0;0;0;0;47.7;47.7;47.7;47.7
762;0;0;0;0;0;0;45;45;45;45
763;0;0;0;0;0;0;43;43;43;43
764;0;0;0;0;0;0;41.9;41.9;41.9;41.9
765;0;0;0;0;0;0;41.6;41.6;41.6;41.6
766;0;0;0;0;0;0;41.3;41.3;41.3;41.3
767;0;0;0;0;0;0;40.9;40.9;40.9;40.9
768;0;0;0;0;0;0;41.8;41.8;41.8;41.8
769;0;0;0;0;0;0;42.1;42.1;42.1;42.1
770;0;0;0;0;0;0;41.8;41.8;41.8;41.8
771;0;0;0;0;0;0;41.3;41.3;41.3;41.3
772;0;0;0;0;0;0;41.5;41.5;41.5;41.5
773;0;0;0;0;0;0;43.5;43.5;43.5;43.5
774;0;0;0;0;0;0;46.5;46.5;46.5;46.5
775;0;0;0;0;0;0;49.7;49.7;49.7;49.7
776;0;0;0;0;0;0;52.6;52.6;52.6;52.6
777;0;0;0;0;0;0;55;55;55;55
778;0;0;0;0;0;0;56.5;56.5;56.5;56.5
779;0;0;0;0;0;0;57.1;57.1;57.1;57.1
780;0;0;0;0;0;0;57.3;57.3;57.3;57.3
781;0;0;0;0;0;0;57;57;57;57
782;0;0;0;0;0;0;56.3;56.3;56.3;56.3
783;0;0;0;0;0;0;55.2;55.2;55.2;55.2
784;0;0;0;0;0;0;53.9;53.9;53.9;53.9
785;0;0;0;0;0;0;52.6;52.6;52.6;52.6
786;0;0;0;0;0;0;51.3;51.3;51.3;51.3
787;0;0;0;0;0;0;50.1;50.1;50.1;50.1
788;0;0;0;0;0;0;51.5;51.5;51.5;51.5
789;0;0;0;0;0;0;53.1;53.1;53.1;53.1
790;0;0;0;0;0;0;54.8;54.8;54.8;54.8
791;0;0;0;0;0;0;56.6;56.6;56.6;56.6
792;0;0;0;0;0;0;58.5;58.5;58.5;58.5
793;0;0;0;0;0;0;60.6;60.6;60.6;60.6
794;0;0;0;0;0;0;62.8;62.8;62.8;62.8
795;0;0;0;0;0;0;64.9;64.9;64.9;64.9
796;0;0;0;0;0;0;67;67;67;67
797;0;0;0;0;0;0;69.1;69.1;69.1;69.1
798;0;0;0;0;0;0;70.9;70.9;70.9;70.9
799;0;0;0;0;0;0;72.2;72.2;72.2;72.2
800;0;0;0;0;0;0;72.8;72.8;72.8;72.8
801;0;0;0;0;0;0;72.8;72.8;72.8;72.8
802;0;0;0;0;0;0;71.9;71.9;71.9;71.9
803;0;0;0;0;0;0;70.5;70.5;70.5;70.5
804;0;0;0;0;0;0;68.8;68.8;68.8;68.8
805;0;0;0;0;0;0;67.1;67.1;67.1;67.1
806;0;0;0;0;0;0;65.4;65.4;65.4;65.4
807;0;0;0;0;0;0;63.9;63.9;63.9;63.9
808;0;0;0;0;0;0;62.7;62.7;62.7;62.7
809;0;0;0;0;0;0;61.8;61.8;61.8;61.8
810;0;0;0;0;0;0;61;61;61;61
811;0;0;0;0;0;0;60.4;60.4;60.4;60.4
812;0;0;0;0;0;0;60;60;60;60
813;0;0;0;0;0;0;60.2;60.2;60.2;60.2
814;0;0;0;0;0;0;61.4;61.4;61.4;61.4
815;0;0;0;0;0;0;63.3;63.3;63.3;63.3
816;0;0;0;0;0;0;65.5;65.5;65.5;65.5
817;0;0;0;0;0;0;67.4;67.4;67.4;67.4
818;0;0;0;0;0;0;68.5;68.5;68.5;68.5
819;0;0;0;0;0;0;68.7;68.7;68.7;68.7
820;0;0;0;0;0;0;68.1;68.1;68.1;68.1
821;0;0;0;0;0;0;67.2;67.2;67.2;67.2
822;0;0;0;0;0;0;66.5;66.5;66.5;66.5
823;0;0;0;0;0;0;65.9;65.9;65.9;65.9
824;0;0;0;0;0;0;65.5;65.5;65.5;65.5
825;0;0;0;0;0;0;64.9;64.9;64.9;64.9
826;0;0;0;0;0;0;64.1;64.1;64.1;64.1
827;0;0;0;0;0;0;63;63;63;63
828;0;0;0;0;0;0;62.1;62.1;62.1;62.1
829;0;0;0;0;0;0;61.6;61.6;61.6;61.6
830;0;0;0;0;0;0;61.7;61.7;61.7;61.7
831;0;0;0;0;0;0;62.3;62.3;62.3;62.3
832;0;0;0;0;0;0;63.5;63.5;63.5;63.5
833;0;0;0;0;0;0;65.3;65.3;65.3;65.3
834;0;0;0;0;0;0;67.3;67.3;67.3;67.3
835;0;0;0;0;0;0;69.3;69.3;69.3;69.3
836;0;0;0;0;0;0;71.4;71.4;71.4;71.4
837;0;0;0;0;0;0;73.5;73.5;73.5;73.5
838;0;0;0;0;0;0;75.6;75.6;75.6;75.6
839;0;0;0;0;0;0;77.7;77.7;77.7;77.7
840;0;0;0;0;0;0;79.7;79.7;79.7;79.7
841;0;0;0;0;0;0;81.5;81.5;81.5;81.5
842;0;0;0;0;0;0;83;83;83;83
843;0;0;0;0;0;0;84.5;84.5;84.5;84.5
844;0;0;0;0;0;0;86;86;86;86
845;0;0;0;0;0;0;87.4;87.4;87.4;87.4
846;0;0;0;0;0;0;88.7;88.7;88.7;88.7
847;0;0;0;0;0;0;89.6;89.6;89.6;89.6
848;0;0;0;0;0;0;90.2;90.2;90.2;90.2
849;0;0;0;0;0;0;90.7;90.7;90.7;90.7
850;0;0;0;0;0;0;91.2;91.2;91.2;91.2
851;0;0;0;0;0;0;91.8;91.8;91.8;91.8
852;0;0;0;0;0;0;92.4;92.4;92.4;92.4
853;0;0;0;0;0;0;93;93;93;93
854;0;0;0;0;0;0;93.6;93.6;93.6;93.6
855;0;0;0;0;0;0;94.1;94.1;94.1;94.1
856;0;0;0;0;0;0;94.3;94.3;94.3;94.3
857;0;0;0;0;0;0;94.4;94.4;94.4;94.4
858;0;0;0;0;0;0;94.4;94.4;94.4;94.4
859;0;0;0;0;0;0;94.3;94.3;94.3;94.3
860;0;0;0;0;0;0;94.3;94.3;94.3;94.3
861;0;0;0;0;0;0;94.2;94.2;94.2;94.2
862;0;0;0;0;0;0;94.2;94.2;94.2;94.2
863;0;0;0;0;0;0;94.2;94.2;94.2;94.2
864;0;0;0;0;0;0;94.1;94.1;94.1;94.1
865;0;0;0;0;0;0;94;94;94;94
866;0;0;0;0;0;0;94;94;94;94
867;0;0;0;0;0;0;93.9;93.9;93.9;93.9
868;0;0;0;0;0;0;93.9;93.9;93.9;93.9
869;0;0;0;0;0;0;93.9;93.9;93.9;93.9
870;0;0;0;0;0;0;93.9;93.9;93.9;93.9
871;0;0;0;0;0;0;93.9;93.9;93.9;93.9
872;0;0;0;0;0;0;94;94;94;94
873;0;0;0;0;0;0;94;94;94;94
874;0;0;0;0;0;0;94.1;94.1;94.1;94.1
875;0;0;0;0;0;0;94.2;94.2;94.2;94.2
876;0;0;0;0;0;0;94.3;94.3;94.3;94.3
877;0;0;0;0;0;0;94.4;94.4;94.4;94.4
878;0;0;0;0;0;0;94.5;94.5;94.5;94.5
879;0;0;0;0;0;0;94.5;94.5;94.5;94.5
880;0;0;0;0;0;0;94.5;94.5;94.5;94.5
881;0;0;0;0;0;0;94.5;94.5;94.5;94.5
882;0;0;0;0;0;0;94.4;94.4;94.4;94.4
883;0;0;0;0;0;0;94.5;94.5;94.5;94.5
884;0;0;0;0;0;0;94.6;94.6;94.6;94.6
885;0;0;0;0;0;0;94.7;94.7;94.7;94.7
886;0;0;0;0;0;0;94.8;94.8;94.8;94.8
887;0;0;0;0;0;0;94.9;94.9;94.9;94.9
888;0;0;0;0;0;0;94.8;94.8;94.8;94.8
889;0;0;0;0;0;0;94.3;94.3;94.3;94.3
890;0;0;0;0;0;0;93.3;93.3;93.3;93.3
891;0;0;0;0;0;0;91.7;91.7;91.7;91.7
892;0;0;0;0;0;0;89.6;89.6;89.6;89.6
893;0;0;0;0;0;0;87;87;87;87
894;0;0;0;0;0;0;84.1;84.1;84.1;84.1
895;0;0;0;0;0;0;81.2;81.2;81.2;81.2
896;0;0;0;0;0;0;78.4;78.4;78.4;78.4
897;0;0;0;0;0;0;75.7;75.7;75.7;75.7
898;0;0;0;0;0;0;73.2;73.2;73.2;73.2
899;0;0;0;0;0;0;71.1;71.1;71.1;71.1
900;0;0;0;0;0;0;69.5;69.5;69.5;69.5
901;0;0;0;0;0;0;68.3;68.3;68.3;68.3
902;0;0;0;0;0;0;67.3;67.3;67.3;67.3
903;0;0;0;0;0;0;66.1;66.1;66.1;66.1
904;0;0;0;0;0;0;63.9;63.9;63.9;63.9
905;0;0;0;0;0;0;60.2;60.2;60.2;60.2
906;0;0;0;0;0;0;54.9;54.9;54.9;54.9
907;0;0;0;0;0;0;48.1;48.1;48.1;48.1
908;0;0;0;0;0;0;40.9;40.9;40.9;40.9
909;0;0;0;0;0;0;36;36;36;36
910;0;0;0;0;0;0;33.9;33.9;33.9;33.9
911;0;0;0;0;0;0;33.9;33.9;33.9;33.9
912;0;0;0;0;0;0;36.5;36.5;36.5;36.5
913;0;0;0;0;0;0;41;41;41;41
914;0;0;0;0;0;0;45.3;45.3;45.3;45.3
915;0;0;0;0;0;0;49.2;49.2;49.2;49.2
916;0;0;0;0;0;0;51.5;51.5;51.5;51.5
917;0;0;0;0;0;0;53.2;53.2;53.2;53.2
918;0;0;0;0;0;0;53.9;53.9;53.9;53.9
919;0;0;0;0;0;0;53.9;53.9;53.9;53.9
920;0;0;0;0;0;0;53.7;53.7;53.7;53.7
921;0;0;0;0;0;0;53.7;53.7;53.7;53.7
922;0;0;0;0;0;0;54.3;54.3;54.3;54.3
923;0;0;0;0;0;0;55.4;55.4;55.4;55.4
924;0;0;0;0;0;0;56.8;56.8;56.8;56.8
925;0;0;0;0;0;0;58.1;58.1;58.1;58.1
926;0;0;0;0;0;0;58.8;58.8;58.8;58.8
927;0;0;0;0;0;0;58.2;58.2;58.2;58.2
928;0;0;0;0;0;0;55.8;55.8;55.8;55.8
929;0;0;0;0;0;0;52.6;52.6;52.6;52.6
930;0;0;0;0;0;0;49.2;49.2;49.2;49.2
931;0;0;0;0;0;0;47.6;47.6;47.6;47.6
932;0;0;0;0;0;0;48.4;48.4;48.4;48.4
933;0;0;0;0;0;0;51.8;51.8;51.8;51.8
934;0;0;0;0;0;0;55.7;55.7;55.7;55.7
935;0;0;0;0;0;0;59.6;59.6;59.6;59.6
936;0;0;0;0;0;0;63;63;63;63
937;0;0;0;0;0;0;65.9;65.9;65.9;65.9
938;0;0;0;0;0;0;68.1;68.1;68.1;68.1
939;0;0;0;0;0;0;69.8;69.8;69.8;69.8
940;0;0;0;0;0;0;71.1;71.1;71.1;71.1
941;0;0;0;0;0;0;72.1;72.1;72.1;72.1
942;0;0;0;0;0;0;72.9;72.9;72.9;72.9
943;0;0;0;0;0;0;73.7;73.7;73.7;73.7
944;0;0;0;0;0;0;74.4;74.4;74.4;74.4
945;0;0;0;0;0;0;75.1;75.1;75.1;75.1
946;0;0;0;0;0;0;75.8;75.8;75.8;75.8
947;0;0;0;0;0;0;76.5;76.5;76.5;76.5
948;0;0;0;0;0;0;77.2;77.2;77.2;77.2
949;0;0;0;0;0;0;77.8;77.8;77.8;77.8
950;0;0;0;0;0;0;78.5;78.5;78.5;78.5
951;0;0;0;0;0;0;79.2;79.2;79.2;79.2
952;0;0;0;0;0;0;80;80;80;80
953;0;0;0;0;0;0;81;81;81;81
954;0;0;0;0;0;0;82;82;82;82
955;0;0;0;0;0;0;82.9;82.9;82.9;82.9
956;0;0;0;0;0;0;83.7;83.7;83.7;83.7
957;0;0;0;0;0;0;84.2;84.2;84.2;84.2
958;0;0;0;0;0;0;84.4;84.4;84.4;84.4
959;0;0;0;0;0;0;84.5;84.5;84.5;84.5
960;0;0;0;0;0;0;84.4;84.4;84.4;84.4
961;0;0;0;0;0;0;84.1;84.1;84.1;84.1
962;0;0;0;0;0;0;83.7;83.7;83.7;83.7
963;0;0;0;0;0;0;83.2;83.2;83.2;83.2
964;0;0;0;0;0;0;82.8;82.8;82.8;82.8
965;0;0;0;0;0;0;82.6;82.6;82.6;82.6
966;0;0;0;0;0;0;82.5;82.5;82.5;82.5
967;0;0;0;0;0;0;82.4;82.4;82.4;82.4
968;0;0;0;0;0;0;82.3;82.3;82.3;82.3
969;0;0;0;0;0;0;82.2;82.2;82.2;82.2
970;0;0;0;0;0;0;82.2;82.2;82.2;82.2
971;0;0;0;0;0;0;82.2;82.2;82.2;82.2
972;0;0;0;0;0;0;82.1;82.1;82.1;82.1
973;0;0;0;0;0;0;81.9;81.9;81.9;81.9
974;0;0;0;0;0;0;81.6;81.6;81.6;81.6
975;0;0;0;0;0;0;81.3;81.3;81.3;81.3
976;0;0;0;0;0;0;81.1;81.1;81.1;81.1
977;0;0;0;0;0;0;80.8;80.8;80.8;80.8
978;0;0;0;0;0;0;80.6;80.6;80.6;80.6
979;0;0;0;0;0;0;80.4;80.4;80.4;80.4
980;0;0;0;0;0;0;80.1;80.1;80.1;80.1
981;0;0;0;0;0;0;79.7;79.7;79.7;79.7
982;0;0;0;0;0;0;78.6;78.6;78.6;78.6
983;0;0;0;0;0;0;76.8;76.8;76.8;76.8
984;0;0;0;0;0;0;73.7;73.7;73.7;73.7
985;0;0;0;0;0;0;69.4;69.4;69.4;69.4
986;0;0;0;0;0;0;64;64;64;64
987;0;0;0;0;0;0;58.6;58.6;58.6;58.6
988;0;0;0;0;0;0;53.2;53.2;53.2;53.2
989;0;0;0;0;0;0;47.8;47.8;47.8;47.8
990;0;0;0;0;0;0;42.4;42.4;42.4;42.4
991;0;0;0;0;0;0;37;37;37;37
992;0;0;0;0;0;0;33;33;33;33
993;0;0;0;0;0;0;30.9;30.9;30.9;30.9
994;0;0;0;0;0;0;30.9;30.9;30.9;30.9
995;0;0;0;0;0;0;33.5;33.5;33.5;33.5
996;0;0;0;0;0;0;38;38;38;38
997;0;0;0;0;0;0;42.5;42.5;42.5;42.5
998;0;0;0;0;0;0;47;47;47;47
999;0;0;0;0;0;0;51;51;51;51
1000;0;0;0;0;0;0;53.5;53.5;53.5;53.5
1001;0;0;0;0;0;0;55.1;55.1;55.1;55.1
1002;0;0;0;0;0;0;56.4;56.4;56.4;56.4
1003;0;0;0;0;0;0;57.3;57.3;57.3;57.3
1004;0;0;0;0;0;0;58.1;58.1;58.1;58.1
1005;0;0;0;0;0;0;58.8;58.8;58.8;58.8
1006;0;0;0;0;0;0;59.4;59.4;59.4;59.4
1007;0;0;0;0;0;0;59.8;59.8;59.8;59.8
1008;0;0;0;0;0;0;59.7;59.7;59.7;59.7
1009;0;0;0;0;0;0;59.4;59.4;59.4;59.4
1010;0;0;0;0;0;0;59.2;59.2;59.2;59.2
1011;0;0;0;0;0;0;59.2;59.2;59.2;59.2
1012;0;0;0;0;0;0;59.5;59.5;59.5;59.5
1013;0;0;0;0;0;0;60;60;60;60
1014;0;0;0;0;0;0;60.5;60.5;60.5;60.5
1015;0;0;0;0;0;0;61;61;61;61
1016;0;0;0;0;0;0;61.2;61.2;61.2;61.2
1017;0;0;0;0;0;0;61.3;61.3;61.3;61.3
1018;0;0;0;0;0;0;61.4;61.4;61.4;61.4
1019;0;0;0;0;0;0;61.7;61.7;61.7;61.7
1020;0;0;0;0;0;0;62.3;62.3;62.3;62.3
1021;0;0;0;0;0;0;63;63;63;63
1022;0;0;0;0;0;0;63.6;63.6;63.6;63.6
1023;0;0;0;0;0;0;63.9;63.9;63.9;63.9
1024;0;0;0;0;0;0;63.8;63.8;63.8;63.8
1025;0;0;0;0;0;0;63.6;63.6;63.6;63.6
1026;0;0;0;0;0;0;63.3;63.3;63.3;63.3
1027;0;0;0;0;0;0;62.8;62.8;62.8;62.8
1028;0;0;0;0;0;0;61.9;61.9;61.9;61.9
1029;0;0;0;0;0;0;60.5;60.5;60.5;60.5
1030;0;0;0;0;0;0;58.6;58.6;58.6;58.6
1031;0;0;0;0;0;0;56.5;56.5;56.5;56.5
1032;0;0;0;0;0;0;54.6;54.6;54.6;54.6
1033;0;0;0;0;0;0;53.8;53.8;53.8;53.8
1034;0;0;0;0;0;0;54.5;54.5;54.5;54.5
1035;0;0;0;0;0;0;56.1;56.1;56.1;56.1
1036;0;0;0;0;0;0;57.9;57.9;57.9;57.9
1037;0;0;0;0;0;0;59.6;59.6;59.6;59.6
1038;0;0;0;0;0;0;61.2;61.2;61.2;61.2
1039;0;0;0;0;0;0;62.3;62.3;62.3;62.3
1040;0;0;0;0;0;0;63.1;63.1;63.1;63.1
1041;0;0;0;0;0;0;63.6;63.6;63.6;63.6
1042;0;0;0;0;0;0;63.5;63.5;63.5;63.5
1043;0;0;0;0;0;0;62.7;62.7;62.7;62.7
1044;0;0;0;0;0;0;60.9;60.9;60.9;60.9
1045;0;0;0;0;0;0;58.7;58.7;58.7;58.7
1046;0;0;0;0;0;0;56.4;56.4;56.4;56.4
1047;0;0;0;0;0;0;54.5;54.5;54.5;54.5
1048;0;0;0;0;0;0;53.3;53.3;53.3;53.3
1049;0;0;0;0;0;0;53;53;53;53
1050;0;0;0;0;0;0;53.5;53.5;53.5;53.5
1051;0;0;0;0;0;0;54.6;54.6;54.6;54.6
1052;0;0;0;0;0;0;56.1;56.1;56.1;56.1
1053;0;0;0;0;0;0;57.6;57.6;57.6;57.6
1054;0;0;0;0;0;0;58.9;58.9;58.9;58.9
1055;0;0;0;0;0;0;59.8;59.8;59.8;59.8
1056;0;0;0;0;0;0;60.3;60.3;60.3;60.3
1057;0;0;0;0;0;0;60.7;60.7;60.7;60.7
1058;0;0;0;0;0;0;61.3;61.3;61.3;61.3
1059;0;0;0;0;0;0;62.3;62.3;62.3;62.3
1060;0;0;0;0;0;0;64.1;64.1;64.1;64.1
1061;0;0;0;0;0;0;66.2;66.2;66.2;66.2
1062;0;0;0;0;0;0;68.1;68.1;68.1;68.1
1063;0;0;0;0;0;0;69.7;69.7;69.7;69.7
1064;0;0;0;0;0;0;70.4;70.4;70.4;70.4
1065;0;0;0;0;0;0;70.7;70.7;70.7;70.7
1066;0;0;0;0;0;0;70.7;70.7;70.7;70.7
1067;0;0;0;0;0;0;70.7;70.7;70.7;70.7
1068;0;0;0;0;0;0;70.7;70.7;70.7;70.7
1069;0;0;0;0;0;0;70.6;70.6;70.6;70.6
1070;0;0;0;0;0;0;70.5;70.5;70.5;70.5
1071;0;0;0;0;0;0;70.3;70.3;70.3;70.3
1072;0;0;0;0;0;0;70.2;70.2;70.2;70.2
1073;0;0;0;0;0;0;70.1;70.1;70.1;70.1
1074;0;0;0;0;0;0;69.8;69.8;69.8;69.8
1075;0;0;0;0;0;0;69.5;69.5;69.5;69.5
1076;0;0;0;0;0;0;69.1;69.1;69.1;69.1
1077;0;0;0;0;0;0;69.1;69.1;69.1;69.1
1078;0;0;0;0;0;0;69.5;69.5;69.5;69.5
1079;0;0;0;0;0;0;70.3;70.3;70.3;70.3
1080;0;0;0;0;0;0;71.2;71.2;71.2;71.2
1081;0;0;0;0;0;0;72;72;72;72
1082;0;0;0;0;0;0;72.6;72.6;72.6;72.6
1083;0;0;0;0;0;0;72.8;72.8;72.8;72.8
1084;0;0;0;0;0;0;72.7;72.7;72.7;72.7
1085;0;0;0;0;0;0;72;72;72;72
1086;0;0;0;0;0;0;70.3;70.3;70.3;70.3
1087;0;0;0;0;0;0;67.7;67.7;67.7;67.7
1088;0;0;0;0;0;0;64.4;64.4;64.4;64.4
1089;0;0;0;0;0;0;61;61;61;61
1090;0;0;0;0;0;0;57.6;57.6;57.6;57.6
1091;0;0;0;0;0;0;54;54;54;54
1092;0;0;0;0;0;0;49.7;49.7;49.7;49.7
1093;0;0;0;0;0;0;44.4;44.4;44.4;44.4
1094;0;0;0;0;0;0;38.2;38.2;38.2;38.2
1095;0;0;0;0;0;0;31.2;31.2;31.2;31.2
1096;0;0;0;0;0;0;24;24;24;24
1097;0;0;0;0;0;0;16.8;16.8;16.8;16.8
1098;0;0;0;0;0;0;10.4;10.4;10.4;10.4
1099;0;0;0;0;0;0;5.7;5.7;5.7;5.7
1100;0;0;0;0;0;0;2.8;2.8;2.8;2.8
1101;0;0;0;0;0;0;1.6;1.6;1.6;1.6
1102;0;0;0;0;0;0;0.3;0.3;0.3;0.3
1103;0;0;0;0;0;0;0;0;0;0
1104;0;0;0;0;0;0;0;0;0;0
1105;0;0;0;0;0;0;0;0;0;0
1106;0;0;0;0;0;0;0;0;0;0
1107;0;0;0;0;0;0;0;0;0;0
1108;0;0;0;0;0;0;0;0;0;0
1109;0;0;0;0;0;0;0;0;0;0
1110;0;0;0;0;0;0;0;0;0;0
1111;0;0;0;0;0;0;0;0;0;0
1112;0;0;0;0;0;0;0;0;0;0
1113;0;0;0;0;0;0;0;0;0;0
1114;0;0;0;0;0;0;0;0;0;0
1115;0;0;0;0;0;0;0;0;0;0
1116;0;0;0;0;0;0;0;0;0;0
1117;0;0;0;0;0;0;0;0;0;0
1118;0;0;0;0;0;0;0;0;0;0
1119;0;0;0;0;0;0;0;0;0;0
1120;0;0;0;0;0;0;0;0;0;0
1121;0;0;0;0;0;0;0;0;0;0
1122;0;0;0;0;0;0;0;0;0;0
1123;0;0;0;0;0;0;0;0;0;0
1124;0;0;0;0;0;0;0;0;0;0
1125;0;0;0;0;0;0;0;0;0;0
1126;0;0;0;0;0;0;0;0;0;0
1127;0;0;0;0;0;0;0;0;0;0
1128;0;0;0;0;0;0;0;0;0;0
1129;0;0;0;0;0;0;0;0;0;0
1130;0;0;0;0;0;0;0;0;0;0
1131;0;0;0;0;0;0;0;0;0;0
1132;0;0;0;0;0;0;0;0;0;0
1133;0;0;0;0;0;0;2.3;2.3;2.3;2.3
1134;0;0;0;0;0;0;7.2;7.2;7.2;7.2
1135;0;0;0;0;0;0;14.6;14.6;14.6;14.6
1136;0;0;0;0;0;0;23.5;23.5;23.5;23.5
1137;0;0;0;0;0;0;33;33;33;33
1138;0;0;0;0;0;0;42.7;42.7;42.7;42.7
1139;0;0;0;0;0;0;51.8;51.8;51.8;51.8
1140;0;0;0;0;0;0;59.4;59.4;59.4;59.4
1141;0;0;0;0;0;0;65.3;65.3;65.3;65.3
1142;0;0;0;0;0;0;69.6;69.6;69.6;69.6
1143;0;0;0;0;0;0;72.3;72.3;72.3;72.3
1144;0;0;0;0;0;0;73.9;73.9;73.9;73.9
1145;0;0;0;0;0;0;75;75;75;75
1146;0;0;0;0;0;0;75.7;75.7;75.7;75.7
1147;0;0;0;0;0;0;76.5;76.5;76.5;76.5
1148;0;0;0;0;0;0;77.3;77.3;77.3;77.3
1149;0;0;0;0;0;0;78.2;78.2;78.2;78.2
1150;0;0;0;0;0;0;78.9;78.9;78.9;78.9
1151;0;0;0;0;0;0;79.4;79.4;79.4;79.4
1152;0;0;0;0;0;0;79.6;79.6;79.6;79.6
1153;0;0;0;0;0;0;79.3;79.3;79.3;79.3
1154;0;0;0;0;0;0;78.8;78.8;78.8;78.8
1155;0;0;0;0;0;0;78.1;78.1;78.1;78.1
1156;0;0;0;0;0;0;77.5;77.5;77.5;77.5
1157;0;0;0;0;0;0;77.2;77.2;77.2;77.2
1158;0;0;0;0;0;0;77.2;77.2;77.2;77.2
1159;0;0;0;0;0;0;77.5;77.5;77.5;77.5
1160;0;0;0;0;0;0;77.9;77.9;77.9;77.9
1161;0;0;0;0;0;0;78.5;78.5;78.5;78.5
1162;0;0;0;0;0;0;79.1;79.1;79.1;79.1
1163;0;0;0;0;0;0;79.6;79.6;79.6;79.6
1164;0;0;0;0;0;0;80;80;80;80
1165;0;0;0;0;0;0;80.2;80.2;80.2;80.2
1166;0;0;0;0;0;0;80.3;80.3;80.3;80.3
1167;0;0;0;0;0;0;80.1;80.1;80.1;80.1
1168;0;0;0;0;0;0;79.8;79.8;79.8;79.8
1169;0;0;0;0;0;0;79.5;79.5;79.5;79.5
1170;0;0;0;0;0;0;79.1;79.1;79.1;79.1
1171;0;0;0;0;0;0;78.8;78.8;78.8;78.8
1172;0;0;0;0;0;0;78.6;78.6;78.6;78.6
1173;0;0;0;0;0;0;78.4;78.4;78.4;78.4
1174;0;0;0;0;0;0;78.3;78.3;78.3;78.3
1175;0;0;0;0;0;0;78;78;78;78
1176;0;0;0;0;0;0;76.7;76.7;76.7;76.7
1177;0;0;0;0;0;0;73.7;73.7;73.7;73.7
1178;0;0;0;0;0;0;69.5;69.5;69.5;69.5
1179;0;0;0;0;0;0;64.8;64.8;64.8;64.8
1180;0;0;0;0;0;0;60.3;60.3;60.3;60.3
1181;0;0;0;0;0;0;56.2;56.2;56.2;56.2
1182;0;0;0;0;0;0;52.5;52.5;52.5;52.5
1183;0;0;0;0;0;0;49;49;49;49
1184;0;0;0;0;0;0;45.2;45.2;45.2;45.2
1185;0;0;0;0;0;0;40.8;40.8;40.8;40.8
1186;0;0;0;0;0;0;35.4;35.4;35.4;35.4
1187;0;0;0;0;0;0;29.4;29.4;29.4;29.4
1188;0;0;0;0;0;0;23.4;23.4;23.4;23.4
1189;0;0;0;0;0;0;17.7;17.7;17.7;17.7
1190;0;0;0;0;0;0;12.6;12.6;12.6;12.6
1191;0;0;0;0;0;0;8;8;8;8
1192;0;0;0;0;0;0;4.1;4.1;4.1;4.1
1193;0;0;0;0;0;0;1.3;1.3;1.3;1.3
1194;0;0;0;0;0;0;0;0;0;0
1195;0;0;0;0;0;0;0;0;0;0
1196;0;0;0;0;0;0;0;0;0;0
1197;0;0;0;0;0;0;0;0;0;0
1198;0;0;0;0;0;0;0;0;0;0
1199;0;0;0;0;0;0;0;0;0;0
1200;0;0;0;0;0;0;0;0;0;0
1201;0;0;0;0;0;0;0;0;0;0
1202;0;0;0;0;0;0;0;0;0;0
1203;0;0;0;0;0;0;0;0;0;0
1204;0;0;0;0;0;0;0;0;0;0
1205;0;0;0;0;0;0;0;0;0;0
1206;0;0;0;0;0;0;0;0;0;0
1207;0;0;0;0;0;0;0;0;0;0
1208;0;0;0;0;0;0;0;0;0.9;0.9
1209;0;0;0;0;0;0;0;0;3.2;3.2
1210;0;0;0;0;0;0;0;0;7.3;7.3
1211;0;0;0;0;0;0;0;0;12.4;12.4
1212;0;0;0;0;0;0;0;0;17.9;17.9
1213;0;0;0;0;0;0;0;0;23.5;23.5
1214;0;0;0;0;0;0;0;0;29.1;29.1
1215;0;0;0;0;0;0;0;0;34.3;34.3
1216;0;0;0;0;0;0;0;0;38.6;38.6
1217;0;0;0;0;0;0;0;0;41.6;41.6
1218;0;0;0;0;0;0;0;0;43.9;43.9
1219;0;0;0;0;0;0;0;0;45.9;45.9
1220;0;0;0;0;0;0;0;0;48.1;48.1
1221;0;0;0;0;0;0;0;0;50.3;50.3
1222;0;0;0;0;0;0;0;0;52.6;52.6
1223;0;0;0;0;0;0;0;0;54.8;54.8
1224;0;0;0;0;0;0;0;0;55.8;55.8
1225;0;0;0;0;0;0;0;0;55.2;55.2
1226;0;0;0;0;0;0;0;0;53.8;53.8
1227;0;0;0;0;0;0;0;0;52.7;52.7
1228;0;0;0;0;0;0;0;0;52.8;52.8
1229;0;0;0;0;0;0;0;0;55;55
1230;0;0;0;0;0;0;0;0;58.5;58.5
1231;0;0;0;0;0;0;0;0;62.3;62.3
1232;0;0;0;0;0;0;0;0;65.7;65.7
1233;0;0;0;0;0;0;0;0;68;68
1234;0;0;0;0;0;0;0;0;69.1;69.1
1235;0;0;0;0;0;0;0;0;69.5;69.5
1236;0;0;0;0;0;0;0;0;69.9;69.9
1237;0;0;0;0;0;0;0;0;70.6;70.6
1238;0;0;0;0;0;0;0;0;71.3;71.3
1239;0;0;0;0;0;0;0;0;72.2;72.2
1240;0;0;0;0;0;0;0;0;72.8;72.8
1241;0;0;0;0;0;0;0;0;73.2;73.2
1242;0;0;0;0;0;0;0;0;73.4;73.4
1243;0;0;0;0;0;0;0;0;73.8;73.8
1244;0;0;0;0;0;0;0;0;74.8;74.8
1245;0;0;0;0;0;0;0;0;76.7;76.7
1246;0;0;0;0;0;0;0;0;79.1;79.1
1247;0;0;0;0;0;0;0;0;81.1;81.1
1248;0;0;0;0;0;0;0;0;82.1;82.1
1249;0;0;0;0;0;0;0;0;81.7;81.7
1250;0;0;0;0;0;0;0;0;80.3;80.3
1251;0;0;0;0;0;0;0;0;78.8;78.8
1252;0;0;0;0;0;0;0;0;77.3;77.3
1253;0;0;0;0;0;0;0;0;75.9;75.9
1254;0;0;0;0;0;0;0;0;75;75
1255;0;0;0;0;0;0;0;0;74.7;74.7
1256;0;0;0;0;0;0;0;0;74.6;74.6
1257;0;0;0;0;0;0;0;0;74.7;74.7
1258;0;0;0;0;0;0;0;0;74.6;74.6
1259;0;0;0;0;0;0;0;0;74.4;74.4
1260;0;0;0;0;0;0;0;0;74.1;74.1
1261;0;0;0;0;0;0;0;0;73.9;73.9
1262;0;0;0;0;0;0;0;0;74.1;74.1
1263;0;0;0;0;0;0;0;0;75.1;75.1
1264;0;0;0;0;0;0;0;0;76.8;76.8
1265;0;0;0;0;0;0;0;0;78.7;78.7
1266;0;0;0;0;0;0;0;0;80.4;80.4
1267;0;0;0;0;0;0;0;0;81.7;81.7
1268;0;0;0;0;0;0;0;0;82.6;82.6
1269;0;0;0;0;0;0;0;0;83.5;83.5
1270;0;0;0;0;0;0;0;0;84.4;84.4
1271;0;0;0;0;0;0;0;0;85.1;85.1
1272;0;0;0;0;0;0;0;0;85.7;85.7
1273;0;0;0;0;0;0;0;0;86.3;86.3
1274;0;0;0;0;0;0;0;0;87;87
1275;0;0;0;0;0;0;0;0;87.9;87.9
1276;0;0;0;0;0;0;0;0;88.8;88.8
1277;0;0;0;0;0;0;0;0;89.7;89.7
1278;0;0;0;0;0;0;0;0;90.3;90.3
1279;0;0;0;0;0;0;0;0;90.6;90.6
1280;0;0;0;0;0;0;0;0;90.6;90.6
1281;0;0;0;0;0;0;0;0;90.5;90.5
1282;0;0;0;0;0;0;0;0;90.4;90.4
1283;0;0;0;0;0;0;0;0;90.1;90.1
1284;0;0;0;0;0;0;0;0;89.7;89.7
1285;0;0;0;0;0;0;0;0;89.3;89.3
1286;0;0;0;0;0;0;0;0;88.9;88.9
1287;0;0;0;0;0;0;0;0;88.8;88.8
1288;0;0;0;0;0;0;0;0;88.9;88.9
1289;0;0;0;0;0;0;0;0;89.1;89.1
1290;0;0;0;0;0;0;0;0;89.3;89.3
1291;0;0;0;0;0;0;0;0;89.4;89.4
1292;0;0;0;0;0;0;0;0;89.4;89.4
1293;0;0;0;0;0;0;0;0;89.2;89.2
1294;0;0;0;0;0;0;0;0;88.9;88.9
1295;0;0;0;0;0;0;0;0;88.5;88.5
1296;0;0;0;0;0;0;0;0;88;88
1297;0;0;0;0;0;0;0;0;87.5;87.5
1298;0;0;0;0;0;0;0;0;87.2;87.2
1299;0;0;0;0;0;0;0;0;87.1;87.1
1300;0;0;0;0;0;0;0;0;87.2;87.2
1301;0;0;0;0;0;0;0;0;87.3;87.3
1302;0;0;0;0;0;0;0;0;87.4;87.4
1303;0;0;0;0;0;0;0;0;87.5;87.5
1304;0;0;0;0;0;0;0;0;87.4;87.4
1305;0;0;0;0;0;0;0;0;87.1;87.1
1306;0;0;0;0;0;0;0;0;86.8;86.8
1307;0;0;0;0;0;0;0;0;86.4;86.4
1308;0;0;0;0;0;0;0;0;85.9;85.9
1309;0;0;0;0;0;0;0;0;85.2;85.2
1310;0;0;0;0;0;0;0;0;84;84
1311;0;0;0;0;0;0;0;0;82.2;82.2
1312;0;0;0;0;0;0;0;0;80.3;80.3
1313;0;0;0;0;0;0;0;0;78.6;78.6
1314;0;0;0;0;0;0;0;0;77.2;77.2
1315;0;0;0;0;0;0;0;0;75.9;75.9
1316;0;0;0;0;0;0;0;0;73.8;73.8
1317;0;0;0;0;0;0;0;0;70.4;70.4
1318;0;0;0;0;0;0;0;0;65.7;65.7
1319;0;0;0;0;0;0;0;0;60.5;60.5
1320;0;0;0;0;0;0;0;0;55.9;55.9
1321;0;0;0;0;0;0;0;0;53;53
1322;0;0;0;0;0;0;0;0;51.6;51.6
1323;0;0;0;0;0;0;0;0;50.9;50.9
1324;0;0;0;0;0;0;0;0;50.5;50.5
1325;0;0;0;0;0;0;0;0;50.2;50.2
1326;0;0;0;0;0;0;0;0;50.2;50.2
1327;0;0;0;0;0;0;0;0;50.6;50.6
1328;0;0;0;0;0;0;0;0;51.2;51.2
1329;0;0;0;0;0;0;0;0;51.8;51.8
1330;0;0;0;0;0;0;0;0;52.5;52.5
1331;0;0;0;0;0;0;0;0;53.4;53.4
1332;0;0;0;0;0;0;0;0;54.9;54.9
1333;0;0;0;0;0;0;0;0;57;57
1334;0;0;0;0;0;0;0;0;59.4;59.4
1335;0;0;0;0;0;0;0;0;61.9;61.9
1336;0;0;0;0;0;0;0;0;64.3;64.3
1337;0;0;0;0;0;0;0;0;66.4;66.4
1338;0;0;0;0;0;0;0;0;68.1;68.1
1339;0;0;0;0;0;0;0;0;69.6;69.6
1340;0;0;0;0;0;0;0;0;70.7;70.7
1341;0;0;0;0;0;0;0;0;71.4;71.4
1342;0;0;0;0;0;0;0;0;71.8;71.8
1343;0;0;0;0;0;0;0;0;72.8;72.8
1344;0;0;0;0;0;0;0;0;75;75
1345;0;0;0;0;0;0;0;0;77.8;77.8
1346;0;0;0;0;0;0;0;0;80.7;80.7
1347;0;0;0;0;0;0;0;0;83.3;83.3
1348;0;0;0;0;0;0;0;0;85.4;85.4
1349;0;0;0;0;0;0;0;0;87.3;87.3
1350;0;0;0;0;0;0;0;0;89.1;89.1
1351;0;0;0;0;0;0;0;0;90.6;90.6
1352;0;0;0;0;0;0;0;0;91.9;91.9
1353;0;0;0;0;0;0;0;0;93.2;93.2
1354;0;0;0;0;0;0;0;0;94.5;94.5
1355;0;0;0;0;0;0;0;0;96;96
1356;0;0;0;0;0;0;0;0;97.5;97.5
1357;0;0;0;0;0;0;0;0;98.9;98.9
1358;0;0;0;0;0;0;0;0;99.8;99.8
1359;0;0;0;0;0;0;0;0;99;99
1360;0;0;0;0;0;0;0;0;96.6;96.6
1361;0;0;0;0;0;0;0;0;93.7;93.7
1362;0;0;0;0;0;0;0;0;91.3;91.3
1363;0;0;0;0;0;0;0;0;90.4;90.4
1364;0;0;0;0;0;0;0;0;90.6;90.6
1365;0;0;0;0;0;0;0;0;91.1;91.1
1366;0;0;0;0;0;0;0;0;90.9;90.9
1367;0;0;0;0;0;0;0;0;89;89
1368;0;0;0;0;0;0;0;0;85.6;85.6
1369;0;0;0;0;0;0;0;0;81.6;81.6
1370;0;0;0;0;0;0;0;0;77.6;77.6
1371;0;0;0;0;0;0;0;0;73.6;73.6
1372;0;0;0;0;0;0;0;0;69.7;69.7
1373;0;0;0;0;0;0;0;0;66;66
1374;0;0;0;0;0;0;0;0;62.7;62.7
1375;0;0;0;0;0;0;0;0;60;60
1376;0;0;0;0;0;0;0;0;58;58
1377;0;0;0;0;0;0;0;0;56.4;56.4
1378;0;0;0;0;0;0;0;0;54.8;54.8
1379;0;0;0;0;0;0;0;0;53.2;53.2
1380;0;0;0;0;0;0;0;0;51.7;51.7
1381;0;0;0;0;0;0;0;0;50.2;50.2
1382;0;0;0;0;0;0;0;0;48.7;48.7
1383;0;0;0;0;0;0;0;0;47.2;47.2
1384;0;0;0;0;0;0;0;0;47.1;47.1
1385;0;0;0;0;0;0;0;0;47;47
1386;0;0;0;0;0;0;0;0;46.9;46.9
1387;0;0;0;0;0;0;0;0;46.6;46.6
1388;0;0;0;0;0;0;0;0;46.3;46.3
1389;0;0;0;0;0;0;0;0;46.1;46.1
1390;0;0;0;0;0;0;0;0;46.1;46.1
1391;0;0;0;0;0;0;0;0;46.4;46.4
1392;0;0;0;0;0;0;0;0;47.1;47.1
1393;0;0;0;0;0;0;0;0;48.1;48.1
1394;0;0;0;0;0;0;0;0;49.8;49.8
1395;0;0;0;0;0;0;0;0;52.2;52.2
1396;0;0;0;0;0;0;0;0;54.8;54.8
1397;0;0;0;0;0;0;0;0;57.3;57.3
1398;0;0;0;0;0;0;0;0;59.5;59.5
1399;0;0;0;0;0;0;0;0;61.7;61.7
1400;0;0;0;0;0;0;0;0;64.3;64.3
1401;0;0;0;0;0;0;0;0;67.7;67.7
1402;0;0;0;0;0;0;0;0;71.4;71.4
1403;0;0;0;0;0;0;0;0;74.9;74.9
1404;0;0;0;0;0;0;0;0;78.2;78.2
1405;0;0;0;0;0;0;0;0;81.1;81.1
1406;0;0;0;0;0;0;0;0;83.9;83.9
1407;0;0;0;0;0;0;0;0;86.5;86.5
1408;0;0;0;0;0;0;0;0;89.1;89.1
1409;0;0;0;0;0;0;0;0;91.6;91.6
1410;0;0;0;0;0;0;0;0;94;94
1411;0;0;0;0;0;0;0;0;96.3;96.3
1412;0;0;0;0;0;0;0;0;98.4;98.4
1413;0;0;0;0;0;0;0;0;100.4;100.4
1414;0;0;0;0;0;0;0;0;102.1;102.1
1415;0;0;0;0;0;0;0;0;103.6;103.6
1416;0;0;0;0;0;0;0;0;104.9;104.9
1417;0;0;0;0;0;0;0;0;106.2;106.2
1418;0;0;0;0;0;0;0;0;107.4;107.4
1419;0;0;0;0;0;0;0;0;108.5;108.5
1420;0;0;0;0;0;0;0;0;109.3;109.3
1421;0;0;0;0;0;0;0;0;109.9;109.9
1422;0;0;0;0;0;0;0;0;110.5;110.5
1423;0;0;0;0;0;0;0;0;110.9;110.9
1424;0;0;0;0;0;0;0;0;111.2;111.2
1425;0;0;0;0;0;0;0;0;111.4;111.4
1426;0;0;0;0;0;0;0;0;111.7;111.7
1427;0;0;0;0;0;0;0;0;111.9;111.9
1428;0;0;0;0;0;0;0;0;112.3;112.3
1429;0;0;0;0;0;0;0;0;113;113
1430;0;0;0;0;0;0;0;0;114.1;114.1
1431;0;0;0;0;0;0;0;0;115.7;115.7
1432;0;0;0;0;0;0;0;0;117.5;117.5
1433;0;0;0;0;0;0;0;0;119.3;119.3
1434;0;0;0;0;0;0;0;0;121;121
1435;0;0;0;0;0;0;0;0;122.2;122.2
1436;0;0;0;0;0;0;0;0;122.9;122.9
1437;0;0;0;0;0;0;0;0;123;123
1438;0;0;0;0;0;0;0;0;122.9;122.9
1439;0;0;0;0;0;0;0;0;122.7;122.7
1440;0;0;0;0;0;0;0;0;122.6;122.6
1441;0;0;0;0;0;0;0;0;122.4;122.4
1442;0;0;0;0;0;0;0;0;122.3;122.3
1443;0;0;0;0;0;0;0;0;122.2;122.2
1444;0;0;0;0;0;0;0;0;122.2;122.2
1445;0;0;0;0;0;0;0;0;122.2;122.2
1446;0;0;0;0;0;0;0;0;122.2;122.2
1447;0;0;0;0;0;0;0;0;122.3;122.3
1448;0;0;0;0;0;0;0;0;122.4;122.4
1449;0;0;0;0;0;0;0;0;122.4;122.4
1450;0;0;0;0;0;0;0;0;122.5;122.5
1451;0;0;0;0;0;0;0;0;122.5;122.5
1452;0;0;0;0;0;0;0;0;122.5;122.5
1453;0;0;0;0;0;0;0;0;122.5;122.5
1454;0;0;0;0;0;0;0;0;122.6;122.6
1455;0;0;0;0;0;0;0;0;122.8;122.8
1456;0;0;0;0;0;0;0;0;123;123
1457;0;0;0;0;0;0;0;0;123.2;123.2
1458;0;0;0;0;0;0;0;0;123.3;123.3
1459;0;0;0;0;0;0;0;0;123.4;123.4
1460;0;0;0;0;0;0;0;0;123.5;123.5
1461;0;0;0;0;0;0;0;0;123.5;123.5
1462;0;0;0;0;0;0;0;0;123.6;123.6
1463;0;0;0;0;0;0;0;0;123.8;123.8
1464;0;0;0;0;0;0;0;0;124;124
1465;0;0;0;0;0;0;0;0;124.2;124.2
1466;0;0;0;0;0;0;0;0;124.5;124.5
1467;0;0;0;0;0;0;0;0;124.7;124.7
1468;0;0;0;0;0;0;0;0;124.9;124.9
1469;0;0;0;0;0;0;0;0;125.1;125.1
1470;0;0;0;0;0;0;0;0;125.2;125.2
1471;0;0;0;0;0;0;0;0;125.3;125.3
1472;0;0;0;0;0;0;0;0;125.3;125.3
1473;0;0;0;0;0;0;0;0;125.3;125.3
1474;0;0;0;0;0;0;0;0;125.2;125.2
1475;0;0;0;0;0;0;0;0;125;125
1476;0;0;0;0;0;0;0;0;124.8;124.8
1477;0;0;0;0;0;0;0;0;124.6;124.6
1478;0;0;0;0;0;0;0;0;124.4;124.4
1479;0;0;0;0;0;0;0;0;124.3;124.3
1480;0;0;0;0;0;0;0;0;123.9;123.9
1481;0;0;0;0;0;0;0;0;123.3;123.3
1482;0;0;0;0;0;0;0;0;122.1;122.1
1483;0;0;0;0;0;0;0;0;120.3;120.3
1484;0;0;0;0;0;0;0;0;118;118
1485;0;0;0;0;0;0;0;0;115.5;115.5
1486;0;0;0;0;0;0;0;0;113.2;113.2
1487;0;0;0;0;0;0;0;0;111.2;111.2
1488;0;0;0;0;0;0;0;0;110.1;110.1
1489;0;0;0;0;0;0;0;0;109.7;109.7
1490;0;0;0;0;0;0;0;0;109.8;109.8
1491;0;0;0;0;0;0;0;0;110.1;110.1
1492;0;0;0;0;0;0;0;0;110.4;110.4
1493;0;0;0;0;0;0;0;0;110.7;110.7
1494;0;0;0;0;0;0;0;0;110.9;110.9
1495;0;0;0;0;0;0;0;0;110.9;110.9
1496;0;0;0;0;0;0;0;0;110.8;110.8
1497;0;0;0;0;0;0;0;0;110.6;110.6
1498;0;0;0;0;0;0;0;0;110.4;110.4
1499;0;0;0;0;0;0;0;0;110.1;110.1
1500;0;0;0;0;0;0;0;0;109.9;109.9
1501;0;0;0;0;0;0;0;0;109.8;109.8
1502;0;0;0;0;0;0;0;0;109.9;109.9
1503;0;0;0;0;0;0;0;0;110.2;110.2
1504;0;0;0;0;0;0;0;0;110.4;110.4
1505;0;0;0;0;0;0;0;0;110.7;110.7
1506;0;0;0;0;0;0;0;0;110.7;110.7
1507;0;0;0;0;0;0;0;0;110.3;110.3
1508;0;0;0;0;0;0;0;0;109.3;109.3
1509;0;0;0;0;0;0;0;0;108;108
1510;0;0;0;0;0;0;0;0;106.5;106.5
1511;0;0;0;0;0;0;0;0;105.4;105.4
1512;0;0;0;0;0;0;0;0;104.9;104.9
1513;0;0;0;0;0;0;0;0;104.7;104.7
1514;0;0;0;0;0;0;0;0;104.3;104.3
1515;0;0;0;0;0;0;0;0;103.6;103.6
1516;0;0;0;0;0;0;0;0;102.6;102.6
1517;0;0;0;0;0;0;0;0;101.7;101.7
1518;0;0;0;0;0;0;0;0;100.8;100.8
1519;0;0;0;0;0;0;0;0;100.2;100.2
1520;0;0;0;0;0;0;0;0;99.8;99.8
1521;0;0;0;0;0;0;0;0;99.7;99.7
1522;0;0;0;0;0;0;0;0;99.7;99.7
1523;0;0;0;0;0;0;0;0;100;100
1524;0;0;0;0;0;0;0;0;100.7;100.7
1525;0;0;0;0;0;0;0;0;101.8;101.8
1526;0;0;0;0;0;0;0;0;103.2;103.2
1527;0;0;0;0;0;0;0;0;104.9;104.9
1528;0;0;0;0;0;0;0;0;106.6;106.6
1529;0;0;0;0;0;0;0;0;108.3;108.3
1530;0;0;0;0;0;0;0;0;109.9;109.9
1531;0;0;0;0;0;0;0;0;111.4;111.4
1532;0;0;0;0;0;0;0;0;112.7;112.7
1533;0;0;0;0;0;0;0;0;113.7;113.7
1534;0;0;0;0;0;0;0;0;114.3;114.3
1535;0;0;0;0;0;0;0;0;114.6;114.6
1536;0;0;0;0;0;0;0;0;115;115
1537;0;0;0;0;0;0;0;0;115.4;115.4
1538;0;0;0;0;0;0;0;0;115.8;115.8
1539;0;0;0;0;0;0;0;0;116.2;116.2
1540;0;0;0;0;0;0;0;0;116.5;116.5
1541;0;0;0;0;0;0;0;0;116.6;116.6
1542;0;0;0;0;0;0;0;0;116.7;116.7
1543;0;0;0;0;0;0;0;0;116.8;116.8
1544;0;0;0;0;0;0;0;0;117;117
1545;0;0;0;0;0;0;0;0;117.5;117.5
1546;0;0;0;0;0;0;0;0;118.3;118.3
1547;0;0;0;0;0;0;0;0;119.2;119.2
1548;0;0;0;0;0;0;0;0;120.1;120.1
1549;0;0;0;0;0;0;0;0;120.8;120.8
1550;0;0;0;0;0;0;0;0;121.1;121.1
1551;0;0;0;0;0;0;0;0;120.7;120.7
1552;0;0;0;0;0;0;0;0;119;119
1553;0;0;0;0;0;0;0;0;116.3;116.3
1554;0;0;0;0;0;0;0;0;113.1;113.1
1555;0;0;0;0;0;0;0;0;110.3;110.3
1556;0;0;0;0;0;0;0;0;109;109
1557;0;0;0;0;0;0;0;0;109.4;109.4
1558;0;0;0;0;0;0;0;0;110.4;110.4
1559;0;0;0;0;0;0;0;0;111.3;111.3
1560;0;0;0;0;0;0;0;0;111.5;111.5
1561;0;0;0;0;0;0;0;0;110.1;110.1
1562;0;0;0;0;0;0;0;0;107.4;107.4
1563;0;0;0;0;0;0;0;0;104.4;104.4
1564;0;0;0;0;0;0;0;0;101.8;101.8
1565;0;0;0;0;0;0;0;0;100;100
1566;0;0;0;0;0;0;0;0;99.1;99.1
1567;0;0;0;0;0;0;0;0;98.7;98.7
1568;0;0;0;0;0;0;0;0;98.2;98.2
1569;0;0;0;0;0;0;0;0;99;99
1570;0;0;0;0;0;0;0;0;100.5;100.5
1571;0;0;0;0;0;0;0;0;102.3;102.3
1572;0;0;0;0;0;0;0;0;103.9;103.9
1573;0;0;0;0;0;0;0;0;105;105
1574;0;0;0;0;0;0;0;0;105.8;105.8
1575;0;0;0;0;0;0;0;0;106.4;106.4
1576;0;0;0;0;0;0;0;0;107.1;107.1
1577;0;0;0;0;0;0;0;0;107.7;107.7
1578;0;0;0;0;0;0;0;0;108.3;108.3
1579;0;0;0;0;0;0;0;0;109;109
1580;0;0;0;0;0;0;0;0;109.6;109.6
1581;0;0;0;0;0;0;0;0;110.3;110.3
1582;0;0;0;0;0;0;0;0;110.9;110.9
1583;0;0;0;0;0;0;0;0;111.5;111.5
1584;0;0;0;0;0;0;0;0;112;112
1585;0;0;0;0;0;0;0;0;112.3;112.3
1586;0;0;0;0;0;0;0;0;112.6;112.6
1587;0;0;0;0;0;0;0;0;112.9;112.9
1588;0;0;0;0;0;0;0;0;113.1;113.1
1589;0;0;0;0;0;0;0;0;113.3;113.3
1590;0;0;0;0;0;0;0;0;113.3;113.3
1591;0;0;0;0;0;0;0;0;113.2;113.2
1592;0;0;0;0;0;0;0;0;113.2;113.2
1593;0;0;0;0;0;0;0;0;113.3;113.3
1594;0;0;0;0;0;0;0;0;113.5;113.5
1595;0;0;0;0;0;0;0;0;113.9;113.9
1596;0;0;0;0;0;0;0;0;114.3;114.3
1597;0;0;0;0;0;0;0;0;114.6;114.6
1598;0;0;0;0;0;0;0;0;114.9;114.9
1599;0;0;0;0;0;0;0;0;115.1;115.1
1600;0;0;0;0;0;0;0;0;115.3;115.3
1601;0;0;0;0;0;0;0;0;115.4;115.4
1602;0;0;0;0;0;0;0;0;115.5;115.5
1603;0;0;0;0;0;0;0;0;115.6;115.6
1604;0;0;0;0;0;0;0;0;115.8;115.8
1605;0;0;0;0;0;0;0;0;115.9;115.9
1606;0;0;0;0;0;0;0;0;116;116
1607;0;0;0;0;0;0;0;0;116;116
1608;0;0;0;0;0;0;0;0;116;116
1609;0;0;0;0;0;0;0;0;116;116
1610;0;0;0;0;0;0;0;0;115.9;115.9
1611;0;0;0;0;0;0;0;0;115.9;115.9
1612;0;0;0;0;0;0;0;0;115.9;115.9
1613;0;0;0;0;0;0;0;0;115.8;115.8
1614;0;0;0;0;0;0;0;0;115.8;115.8
1615;0;0;0;0;0;0;0;0;115.8;115.8
1616;0;0;0;0;0;0;0;0;115.8;115.8
1617;0;0;0;0;0;0;0;0;115.8;115.8
1618;0;0;0;0;0;0;0;0;115.8;115.8
1619;0;0;0;0;0;0;0;0;115.9;115.9
1620;0;0;0;0;0;0;0;0;116;116
1621;0;0;0;0;0;0;0;0;116.2;116.2
1622;0;0;0;0;0;0;0;0;116.4;116.4
1623;0;0;0;0;0;0;0;0;116.6;116.6
1624;0;0;0;0;0;0;0;0;116.8;116.8
1625;0;0;0;0;0;0;0;0;117;117
1626;0;0;0;0;0;0;0;0;117.4;117.4
1627;0;0;0;0;0;0;0;0;117.9;117.9
1628;0;0;0;0;0;0;0;0;118.4;118.4
1629;0;0;0;0;0;0;0;0;118.8;118.8
1630;0;0;0;0;0;0;0;0;119.2;119.2
1631;0;0;0;0;0;0;0;0;119.5;119.5
1632;0;0;0;0;0;0;0;0;119.7;119.7
1633;0;0;0;0;0;0;0;0;119.9;119.9
1634;0;0;0;0;0;0;0;0;120.1;120.1
1635;0;0;0;0;0;0;0;0;120.3;120.3
1636;0;0;0;0;0;0;0;0;120.5;120.5
1637;0;0;0;0;0;0;0;0;120.8;120.8
1638;0;0;0;0;0;0;0;0;121.1;121.1
1639;0;0;0;0;0;0;0;0;121.5;121.5
1640;0;0;0;0;0;0;0;0;122;122
1641;0;0;0;0;0;0;0;0;122.3;122.3
1642;0;0;0;0;0;0;0;0;122.6;122.6
1643;0;0;0;0;0;0;0;0;122.9;122.9
1644;0;0;0;0;0;0;0;0;123.1;123.1
1645;0;0;0;0;0;0;0;0;123.2;123.2
1646;0;0;0;0;0;0;0;0;123.4;123.4
1647;0;0;0;0;0;0;0;0;123.5;123.5
1648;0;0;0;0;0;0;0;0;123.7;123.7
1649;0;0;0;0;0;0;0;0;123.9;123.9
1650;0;0;0;0;0;0;0;0;124.2;124.2
1651;0;0;0;0;0;0;0;0;124.4;124.4
1652;0;0;0;0;0;0;0;0;124.7;124.7
1653;0;0;0;0;0;0;0;0;125;125
1654;0;0;0;0;0;0;0;0;125.2;125.2
1655;0;0;0;0;0;0;0;0;125.3;125.3
1656;0;0;0;0;0;0;0;0;125.1;125.1
1657;0;0;0;0;0;0;0;0;124.4;124.4
1658;0;0;0;0;0;0;0;0;123.3;123.3
1659;0;0;0;0;0;0;0;0;122;122
1660;0;0;0;0;0;0;0;0;120.8;120.8
1661;0;0;0;0;0;0;0;0;119.5;119.5
1662;0;0;0;0;0;0;0;0;118.4;118.4
1663;0;0;0;0;0;0;0;0;117.8;117.8
1664;0;0;0;0;0;0;0;0;117.6;117.6
1665;0;0;0;0;0;0;0;0;117.5;117.5
1666;0;0;0;0;0;0;0;0;117.5;117.5
1667;0;0;0;0;0;0;0;0;117.4;117.4
1668;0;0;0;0;0;0;0;0;117.3;117.3
1669;0;0;0;0;0;0;0;0;117.1;117.1
1670;0;0;0;0;0;0;0;0;116.9;116.9
1671;0;0;0;0;0;0;0;0;116.6;116.6
1672;0;0;0;0;0;0;0;0;116.5;116.5
1673;0;0;0;0;0;0;0;0;116.4;116.4
1674;0;0;0;0;0;0;0;0;116.4;116.4
1675;0;0;0;0;0;0;0;0;116.5;116.5
1676;0;0;0;0;0;0;0;0;116.7;116.7
1677;0;0;0;0;0;0;0;0;117;117
1678;0;0;0;0;0;0;0;0;117.3;117.3
1679;0;0;0;0;0;0;0;0;117.7;117.7
1680;0;0;0;0;0;0;0;0;118.1;118.1
1681;0;0;0;0;0;0;0;0;118.5;118.5
1682;0;0;0;0;0;0;0;0;118.8;118.8
1683;0;0;0;0;0;0;0;0;118.9;118.9
1684;0;0;0;0;0;0;0;0;119.1;119.1
1685;0;0;0;0;0;0;0;0;119.1;119.1
1686;0;0;0;0;0;0;0;0;119.1;119.1
1687;0;0;0;0;0;0;0;0;119.2;119.2
1688;0;0;0;0;0;0;0;0;119.2;119.2
1689;0;0;0;0;0;0;0;0;119.3;119.3
1690;0;0;0;0;0;0;0;0;119.3;119.3
1691;0;0;0;0;0;0;0;0;119.4;119.4
1692;0;0;0;0;0;0;0;0;119.5;119.5
1693;0;0;0;0;0;0;0;0;119.5;119.5
1694;0;0;0;0;0;0;0;0;119.3;119.3
1695;0;0;0;0;0;0;0;0;119;119
1696;0;0;0;0;0;0;0;0;118.6;118.6
1697;0;0;0;0;0;0;0;0;118.2;118.2
1698;0;0;0;0;0;0;0;0;117.8;117.8
1699;0;0;0;0;0;0;0;0;117.6;117.6
1700;0;0;0;0;0;0;0;0;117.5;117.5
1701;0;0;0;0;0;0;0;0;117.4;117.4
1702;0;0;0;0;0;0;0;0;117.4;117.4
1703;0;0;0;0;0;0;0;0;117.3;117.3
1704;0;0;0;0;0;0;0;0;117;117
1705;0;0;0;0;0;0;0;0;116.7;116.7
1706;0;0;0;0;0;0;0;0;116.4;116.4
1707;0;0;0;0;0;0;0;0;116.1;116.1
1708;0;0;0;0;0;0;0;0;115.9;115.9
1709;0;0;0;0;0;0;0;0;115.7;115.7
1710;0;0;0;0;0;0;0;0;115.5;115.5
1711;0;0;0;0;0;0;0;0;115.3;115.3
1712;0;0;0;0;0;0;0;0;115.2;115.2
1713;0;0;0;0;0;0;0;0;115;115
1714;0;0;0;0;0;0;0;0;114.9;114.9
1715;0;0;0;0;0;0;0;0;114.9;114.9
1716;0;0;0;0;0;0;0;0;115;115
1717;0;0;0;0;0;0;0;0;115.2;115.2
1718;0;0;0;0;0;0;0;0;115.3;115.3
1719;0;0;0;0;0;0;0;0;115.4;115.4
1720;0;0;0;0;0;0;0;0;115.4;115.4
1721;0;0;0;0;0;0;0;0;115.2;115.2
1722;0;0;0;0;0;0;0;0;114.8;114.8
1723;0;0;0;0;0;0;0;0;114.4;114.4
1724;0;0;0;0;0;0;0;0;113.9;113.9
1725;0;0;0;0;0;0;0;0;113.6;113.6
1726;0;0;0;0;0;0;0;0;113.5;113.5
1727;0;0;0;0;0;0;0;0;113.5;113.5
1728;0;0;0;0;0;0;0;0;113.6;113.6
1729;0;0;0;0;0;0;0;0;113.7;113.7
1730;0;0;0;0;0;0;0;0;113.8;113.8
1731;0;0;0;0;0;0;0;0;113.9;113.9
1732;0;0;0;0;0;0;0;0;114;114
1733;0;0;0;0;0;0;0;0;114;114
1734;0;0;0;0;0;0;0;0;114.1;114.1
1735;0;0;0;0;0;0;0;0;114.2;114.2
1736;0;0;0;0;0;0;0;0;114.4;114.4
1737;0;0;0;0;0;0;0;0;114.5;114.5
1738;0;0;0;0;0;0;0;0;114.6;114.6
1739;0;0;0;0;0;0;0;0;114.7;114.7
1740;0;0;0;0;0;0;0;0;114.8;114.8
1741;0;0;0;0;0;0;0;0;115;115
1742;0;0;0;0;0;0;0;0;115.3;115.3
1743;0;0;0;0;0;0;0;0;116;116
1744;0;0;0;0;0;0;0;0;116.7;116.7
1745;0;0;0;0;0;0;0;0;117.5;117.5
1746;0;0;0;0;0;0;0;0;118.2;118.2
1747;0;0;0;0;0;0;0;0;118.6;118.6
1748;0;0;0;0;0;0;0;0;118.7;118.7
1749;0;0;0;0;0;0;0;0;118.8;118.8
1750;0;0;0;0;0;0;0;0;118.8;118.8
1751;0;0;0;0;0;0;0;0;118.9;118.9
1752;0;0;0;0;0;0;0;0;119.1;119.1
1753;0;0;0;0;0;0;0;0;119.4;119.4
1754;0;0;0;0;0;0;0;0;119.7;119.7
1755;0;0;0;0;0;0;0;0;119.9;119.9
1756;0;0;0;0;0;0;0;0;120;120
1757;0;0;0;0;0;0;0;0;119.6;119.6
1758;0;0;0;0;0;0;0;0;118.4;118.4
1759;0;0;0;0;0;0;0;0;115.9;115.9
1760;0;0;0;0;0;0;0;0;113.2;113.2
1761;0;0;0;0;0;0;0;0;110.5;110.5
1762;0;0;0;0;0;0;0;0;107.2;107.2
1763;0;0;0;0;0;0;0;0;104;104
1764;0;0;0;0;0;0;0;0;100.4;100.4
1765;0;0;0;0;0;0;0;0;96.8;96.8
1766;0;0;0;0;0;0;0;0;92.8;92.8
1767;0;0;0;0;0;0;0;0;88.9;88.9
1768;0;0;0;0;0;0;0;0;84.9;84.9
1769;0;0;0;0;0;0;0;0;80.6;80.6
1770;0;0;0;0;0;0;0;0;76.3;76.3
1771;0;0;0;0;0;0;0;0;72.3;72.3
1772;0;0;0;0;0;0;0;0;68.7;68.7
1773;0;0;0;0;0;0;0;0;65.5;65.5
1774;0;0;0;0;0;0;0;0;63;63
1775;0;0;0;0;0;0;0;0;61.2;61.2
1776;0;0;0;0;0;0;0;0;60.5;60.5
1777;0;0;0;0;0;0;0;0;60;60
1778;0;0;0;0;0;0;0;0;59.7;59.7
1779;0;0;0;0;0;0;0;0;59.4;59.4
1780;0;0;0;0;0;0;0;0;59.4;59.4
1781;0;0;0;0;0;0;0;0;58;58
1782;0;0;0;0;0;0;0;0;55;55
1783;0;0;0;0;0;0;0;0;51;51
1784;0;0;0;0;0;0;0;0;46;46
1785;0;0;0;0;0;0;0;0;38.8;38.8
1786;0;0;0;0;0;0;0;0;31.6;31.6
1787;0;0;0;0;0;0;0;0;24.4;24.4
1788;0;0;0;0;0;0;0;0;17.2;17.2
1789;0;0;0;0;0;0;0;0;10;10
1790;0;0;0;0;0;0;0;0;5;5
1791;0;0;0;0;0;0;0;0;2;2
1792;0;0;0;0;0;0;0;0;0;0
1793;0;0;0;0;0;0;0;0;0;0
1794;0;0;0;0;0;0;0;0;0;0
1795;0;0;0;0;0;0;0;0;0;0
1796;0;0;0;0;0;0;0;0;0;0
1797;0;0;0;0;0;0;0;0;0;0
1798;0;0;0;0;0;0;0;0;0;0
1799;0;0;0;0;0;0;0;0;0;0
1800;0;0;0;0;0;0;0;0;0;0